rainfall_24h,rainfall_7d,elevation,drainage_score,population_density,historical_flood_count,citizen_report_count,risk_score
190.27033068231194,379.7866503979334,15.427378553383955,69.59015931871423,13178.73774976487,7,5,55.6487611598818
116.5532567454515,246.04149750690192,15.71802013214041,58.357310768327224,8160.799840572896,0,2,34.431539151044895
208.89154238050415,108.91079487323289,4.97175542878553,47.92620980594867,20038.692273230867,10,2,67.74526633243889
173.42096639306007,388.15445780881964,17.25789033090783,78.4853801458606,11041.546255251451,7,6,50.08155313679587
40.7190165352829,693.9727024867893,16.844507840364912,71.0882050842719,33937.62741565823,12,5,43.36775077035603
234.6369173600863,497.61228848170447,17.01693868877143,53.72518301232848,4128.101198168931,9,2,68.33096072996747
187.45073443787766,397.1241962423158,3.6295521602515395,84.2588722790955,8582.295607779892,12,7,57.82760044834852
192.93414716092983,150.8429273789543,11.830454533111357,36.55625728294153,11887.227298669657,7,8,62.77203917904012
48.1849991886201,241.55922595173587,10.998772905006053,32.26818865942099,10366.614770982242,0,5,37.1145397359947
119.08490633702478,268.65532772770734,3.9076526401503813,66.28187103201788,11224.909970550729,2,2,51.74313194594851
101.57556533116787,569.47427366863,6.8920944137298354,89.98359267452746,24993.52336195771,7,8,54.73560746129018
223.8882975466924,641.0949102493564,11.701177899556809,37.80247327808746,14480.386506020775,6,2,76.76216417770573
161.6503264177462,657.0507862825206,18.34393881687781,37.97626728323551,23680.780220907945,12,3,63.95430907071367
201.0075549195826,710.1239092804826,7.215365693662591,30.043917053277674,32488.25387668132,6,7,83.4563538427927
117.55112374201285,708.7146771869008,20.254498022748052,81.96057597970152,23281.816496822466,13,4,52.19630142056848
69.99251879265091,689.9194449715081,14.007562286268195,36.30062290961605,26225.049321164206,3,2,58.55823362083718
142.00865314348366,125.966169921846,18.729277074061585,56.228853924191924,15696.105543083433,6,0,42.94486188822773
34.03979634291857,168.1878629937953,12.396231633410856,91.34281841615874,9111.630963926693,12,3,21.987221981839987
202.07885783836807,274.8585769446611,12.982272959288913,20.874144866387137,14258.689998396996,1,6,68.94902786289379
158.96616780685426,433.8548826012553,15.633826566352084,60.066998516777176,34857.044758531454,5,6,68.3969217241453
186.77930281878224,142.06584877150675,22.41535337964813,56.8848110747561,23897.964302500386,12,2,53.58678387001295
97.99571298857104,621.3100529933712,12.819876791084019,78.13621110153113,12880.355821888486,9,1,50.69315440630208
233.55356536687873,474.7239546094778,13.630465838382401,45.58027084779994,18429.288549187324,12,6,70.32707777565162
216.48664669088348,427.11321747341117,15.24393319760565,49.544577840730994,30736.41719779182,8,1,70.08215905541812
191.24436935622762,185.79924695506634,18.225333020549968,32.091534603118184,25390.19426258475,13,0,62.53478257715152
62.82051572743286,242.0835036161263,3.580707380697155,73.33869667777664,21940.890903333384,14,4,46.21251926313602
122.67862081994753,182.59969598864515,13.345123647483385,76.49904146154668,32325.212052282914,15,5,46.25411169568875
29.63682847319033,625.2372209886711,12.595014962532957,29.839759096075777,25518.06631093729,1,2,45.933351120034324
53.943688254860525,453.9058304391796,22.277069653226548,48.32890932715917,24567.351385315054,9,1,42.66719632868744
170.27076971334003,550.4828336125654,12.857144769599504,84.28915966611318,10072.58039074458,1,2,56.236342275420405
183.84767429971976,269.46103226241644,12.303051763275281,20.194923704656674,7404.4378563970495,3,3,66.33400196274138
232.8521411355262,317.6016877364974,23.168399747763445,41.51065308482953,34884.54774583677,4,0,70.05100535310802
91.68157879039343,339.1071772329816,11.912682199219393,59.96304452378344,23163.467843211285,10,0,46.57693442170327
101.50113532767115,566.4095819161823,5.979457467085988,44.05475789551664,17301.86909268573,6,3,58.82864211615154
123.30227848067774,574.3059121117235,6.772154701727343,39.5872536207922,22848.666269126963,13,0,69.08277462857971
61.68369899854285,212.3606576089803,4.094125843413431,53.12269891303131,5977.982754294892,4,2,42.09659398918444
48.582731173803765,682.5848683123834,2.012498843696778,33.06966378389795,30308.072764931418,9,5,61.34912527573074
124.65508376970543,157.2194159639593,11.502804542010603,58.133017349082834,10932.657138058752,12,0,41.70582013654705
69.9200567911945,653.5181327511234,18.92333678856087,70.88210633455226,29745.472202174304,15,5,48.47740456379767
167.35907883015227,144.25321321587796,18.13626174159639,61.42123658925215,21100.11018443554,3,5,49.0036309478448
116.17342215191276,249.3054791368391,2.707279931662704,26.703871821814225,12850.304437020888,11,5,60.82599612672605
203.18920313272423,621.7462630834925,14.539623879068724,80.79742021992126,4966.7183437462545,1,5,62.503093421188545
174.0583224404948,194.87492630149598,5.394228759096472,32.59840429909915,30106.66737045138,8,7,73.1253040059581
88.72066110404903,344.6834760383807,22.703678264823342,75.06646404400126,9646.724527017814,6,0,35.32364509557161
203.09715630694424,367.9099519642408,5.682029992171945,45.960687975861234,5657.76370047595,15,1,63.091698902154576
197.0481586492964,236.9657427348542,15.786062789344594,76.35881706003937,28188.087386428186,12,2,58.50951416821936
105.24524338663838,534.5569288550314,9.177243967609249,34.8516490451849,15201.383115935321,14,6,61.94512786271218
83.4321828646537,624.8541756174104,16.11434917121575,33.43967146607095,16458.6881789328,13,7,49.825559601274485
170.14901087449462,639.728089507566,11.069689122209653,55.785860927658725,11906.162792983007,6,8,64.26629220433207
50.74554639404816,297.166173271399,18.712147150740684,22.371393058281956,31493.71131830071,11,5,43.946641545479025
63.97980454452383,419.74425234420124,7.074940757212873,36.221408392328,13514.544835409026,0,3,48.46075487896776
21.619699345221214,238.98009847401696,21.927420764113723,72.12888215727307,10726.162232032762,8,3,26.357991112343377
193.12336305047046,236.66976099209307,13.004612284893746,80.29161043799064,13895.991242756996,0,0,55.36325033306173
166.26718845024706,183.20260022523144,18.634049249682764,25.81654620352235,10500.786405356703,11,4,52.519994851394806
175.1363832977937,681.6121669168094,20.694064210826994,83.50959507954352,14164.96706576664,15,4,57.07436030138201
191.76038682483295,648.3128503075711,23.974229441005708,77.42123869182889,6653.9591317815375,10,1,56.764633985998486
120.96147061843479,577.5095765297231,6.926804643067081,82.6172692909015,9072.960931822668,13,6,54.785352160241295
145.12306310963663,411.30337362414656,8.311633098396007,70.28685592967648,17345.692268676732,3,7,58.81714297726986
50.75533958808464,393.989065927598,7.509527908101541,68.53902084516545,32142.939378876043,15,2,48.65047900686372
45.19661617791416,419.03722635679867,7.783169307515218,57.80671280083019,5833.3038951131475,8,8,46.02519633825797
167.04865159390377,423.4035286893371,14.813784313866304,67.00068016337468,10805.59061632098,10,0,55.786906240230564
123.64116535148915,358.12037420652183,23.857495509208547,86.17589584879558,33067.061617331085,12,8,42.73156908672485
144.35194342586155,164.32309305092318,23.7861179160406,27.237584102003005,32480.46957311749,10,6,58.528019026465536
188.29974863152563,160.42486583586305,13.58901108997077,42.735042404918566,25742.42666547012,5,2,62.99864544863207
159.63803040013,689.4398181412373,16.058598625822825,25.216758098902773,11695.153731047616,9,5,67.88190840402501
141.7874681447591,388.49968613526437,20.919351961435332,88.02597237997077,17433.937953785142,10,2,46.26798823740764
143.02557536399098,690.051535939321,22.524536085977115,52.05911355195593,10759.071822014881,13,7,56.22660729603731
86.86902157377469,184.68920173447037,6.484933801249966,68.62480188868557,8114.832292006504,7,1,39.9613096190135
26.779923604946667,434.8265933055575,13.627918036733963,80.56064464431114,16159.948624444529,8,2,31.63947352509572
116.07782563111972,212.9390421449851,20.32241520255327,91.35201786150718,22426.291362251206,8,2,29.748916559760925
67.20862802029643,242.03814792102497,8.670445685961017,31.648336961043135,15517.845614873768,1,1,43.974884497063556
109.87630161941995,99.23493040715442,11.675798934570267,77.56490761171247,23546.385614911032,1,2,37.5288983915272
207.74867611899654,156.13011887373523,23.683664233264174,83.89444866584502,13480.151532137776,0,5,43.87794566106084
71.46668689037497,666.7829808826853,23.67102732785916,23.519027133263045,15067.216888345289,10,5,55.41525119727066
32.82660317159453,285.7811145486923,21.934349836833995,74.29452033336128,29301.554932627507,6,4,31.511781051896484
81.90445624483924,469.2026956253386,19.56586358621727,45.54022312615162,32106.071388603457,13,1,48.91647297335527
84.5906267086704,377.6090444731347,7.920871015901726,66.6989689858711,14305.090608993665,11,1,44.11855061691321
165.62163323991692,336.2887969569781,9.058701629478124,57.011470114798264,22288.50564304884,2,8,63.72927483696047
142.54707351508125,420.4070984614836,14.040222506507243,38.70144215023786,12901.193084552577,1,2,57.37602106128904
192.45760600341097,199.83292455381857,14.337102240364267,29.735938064286994,5706.708534637681,5,0,54.28449563806857
166.14897887202525,712.706495052529,13.121062025855473,28.420200782422995,27611.429803533058,14,4,74.4864805576255
109.40510951681551,603.7170359704724,16.006746158158734,27.439245755011402,9472.111463556812,0,0,54.23058619678328
199.08448462652763,554.6333649481699,10.983106497925753,65.9208828896896,17622.80075990135,2,3,60.47919683856444
56.73404237969486,380.0059500889296,18.481831460941724,45.30158130076674,19585.45578813302,0,7,40.238804665264865
24.996656089449303,177.841358160855,9.338098382523818,35.597607550822815,9903.090693731388,6,2,33.59798416246689
39.810529370641184,669.2261492950834,9.274893932819756,69.81572667482502,7025.771221228681,15,6,42.22527639828591
178.91905713121906,298.4877231243057,4.798971161620216,69.45316873518561,15136.41646947426,10,4,61.19544004215867
121.61299065530523,112.06828140603761,6.151668620636223,58.82011704970383,34473.14904161019,7,3,54.58534889458043
55.479791387392396,299.1383531588024,20.71145933626987,87.31696281434127,23684.338879629486,2,5,34.68615621718361
130.22985052273998,588.452499517366,11.818211448769713,47.749824663782334,16205.127308892881,5,5,59.39301707300005
53.508662596897054,478.53359679245324,7.0130913041623435,80.1821339313891,5245.146264774878,8,2,38.9167908254635
173.19048251710194,560.5366942367102,18.705504200492523,25.410037371118136,23208.745004514618,4,2,71.48528997154553
118.15438062628675,587.9266456719215,14.187584767970908,73.26783877077233,6952.244509931923,11,8,47.65995638055685
103.82466974122615,215.65095109154726,2.465432251312457,91.16821379589896,21361.410273520843,15,1,52.58109097700111
86.33265961253284,671.2213222996353,8.959952061407733,80.95507157272282,28062.416264695774,3,8,54.6149044185559
158.66217048615545,360.31334586903847,5.894031044669503,61.73585979032428,17554.731145433165,4,4,65.78930943242179
99.59877432174589,488.9687355290653,16.429202941622492,65.12715663155556,13581.16783412878,2,8,48.10056314984969
39.282982249542215,81.47761445551488,8.050682893865563,45.43684755946017,5516.295482163156,11,3,35.25990341523078
45.96129846651337,715.7558389831539,3.42882914261876,68.92293571458347,4792.8920051710975,7,5,47.116234090717555
231.6174862008932,259.7736870170593,3.2085697623487235,75.46846758905555,17760.85022865668,4,5,66.4526839683382
219.88775195567356,119.72038818569935,14.798000555091729,91.87245064048548,32267.04866249497,3,3,56.112216339900186
173.9355694383649,373.28770658336896,2.4779160254899715,55.45733002403117,11810.008921382092,1,1,65.41261208525607
78.4913915210943,162.57923659650672,20.67342648899395,24.413892735687845,22369.77618501828,7,4,42.56328799320932
233.21880301649927,177.48909450084847,5.418736623660063,62.90177245263094,25897.78622975238,10,5,69.6134561458268
191.3251988724748,484.6610003393345,15.344459374299456,28.569738798716138,5946.555760043566,3,2,62.597808904302234
177.71584161497904,331.4735306049493,11.783136616236405,37.623083136039924,8899.212025708068,0,6,63.87893451803255
118.8595304716335,669.9855680991968,11.742733467101855,43.672153614013084,14600.857389426146,7,5,64.2304520742796
79.89314360593498,284.26015654916483,3.579537131921009,72.63415086668556,25442.981572754255,10,1,46.231978561448564
41.206011673769844,544.7552821656967,19.660549504668744,33.23418491925204,18049.1235912991,5,8,41.52795399914703
218.57252723964515,375.1036352991409,21.64715466457156,31.93421217264938,27494.24218298385,4,0,67.66220497506791
120.27078376339443,502.36883272273843,2.242366682453026,23.237425459915578,31763.13169834216,2,5,77.17708978132032
64.51994025495067,463.8050282982339,5.92929186533659,82.87327541747942,28267.91285115337,11,3,51.60877286327516
87.31045731314354,382.5817425657589,21.885892153500535,69.93239055363637,35751.91063402397,13,5,40.19481380589625
147.4283051672171,688.0391005596398,14.088859481601279,22.87614552446911,28139.55419941279,12,6,71.36058728402278
58.890012246630974,299.33673136317174,5.3008707214606225,22.037046005944248,31269.734240238417,8,6,55.09431004686937
208.4551425003226,193.43072079953444,6.461389957401495,60.224549346204036,30635.72347088003,11,5,69.55096493863728
186.8742965637462,513.9801989630901,16.51969737321651,40.34247689264319,27368.50439296149,6,7,74.192347988899
178.2818503092061,621.4448392370616,17.945970089431206,62.964297231098875,29657.658132988498,0,6,60.71671818340756
115.06046875052282,105.7623935615512,15.187389788758576,51.2915006490295,33909.86329175712,5,7,44.56717717881547
158.0079449545375,367.76492059051554,22.969264358075566,86.47850448633834,19206.636112841363,11,3,44.68004837038591
148.50155316080182,651.1921213998888,12.869399280559096,40.72224907721849,24425.184765201393,10,1,67.40446968721277
162.9662523420604,559.7559161106352,8.605982067135587,68.89846652760033,20478.071090328725,15,2,66.73811349779412
38.5777506507756,714.756938558482,12.499124019467523,23.891910436539142,31233.183590146335,15,5,57.924855617612295
111.47762847753413,420.104839422236,9.91265846066544,88.82195846160262,17803.507291888236,3,4,49.291919129046846
29.155118249616343,502.3972600327368,6.937149638843099,90.61453768940136,30231.256676631452,0,0,32.463360336144994
128.67798023379416,273.587379928274,3.0111914854830815,73.2133732891817,29579.346401828443,4,1,59.12734230740502
92.56946671321276,686.4227837862351,9.748674858432732,53.49529795257727,34780.3552437949,14,8,60.82613310387039
51.79532155053032,314.45471267618325,17.65100564961433,35.83952763156282,11965.462376237401,13,6,40.84818406745363
42.74865289896136,552.6468561194423,2.4056316632542636,78.50117649785346,26707.824316349193,1,6,45.69440880506303
149.28180587909665,338.00973063621245,11.661927290530564,73.0174949945856,28221.42392471956,2,1,53.1138787516254
57.530453078114945,439.56411524031955,16.168206831897106,35.980690848388335,33960.911769749306,9,0,47.86155815764924
223.5264260428954,540.6608224137896,15.428890401834758,52.48750117932313,33020.877377777,10,2,77.43610290499558
147.8334507340869,405.7178571208667,19.08626558955175,53.321523522808526,22352.827574670348,15,7,50.461287056698254
96.31135699766415,660.5352492220854,19.831433744515547,79.50155959803506,22532.901947647355,12,4,46.686107135897736
150.0014081259117,348.3526322737986,17.657528060226532,69.23681727205351,9353.31930893534,3,7,44.661341184802005
25.01685162653345,494.1259508117281,4.261549315184487,66.30806313488397,35198.806477560676,0,4,47.81538892378317
230.88302691311796,299.11195731203463,12.450493768095935,66.78757442455606,12160.55880650966,10,4,65.17620630207715
126.10675612743805,341.22026766784836,15.27493106472739,39.47384571553848,27191.558990441346,8,5,60.70407667902265
192.20174999506295,361.6320692694735,7.402452853807935,46.76321070772645,29465.44015377,14,8,71.70191752793656
38.20059998293648,160.51649171986256,2.9361399882290833,23.287684551442844,18118.89614756419,9,3,50.296234159928616
127.06483278439528,138.7031545977643,6.918987059273032,76.65976177847291,10758.199040929856,8,5,50.11052444493575
127.9555387579946,507.19355081392507,12.007676838118055,51.1758714922266,10046.732295029975,4,8,51.39890848440469
226.32182009449622,499.53135253955344,11.106467019201219,51.55316171030529,31407.872028850936,1,3,76.51456577627566
145.78017152273657,504.262217094461,5.886673589197556,37.66565107522112,20344.207575952474,14,7,71.8838315105843
124.16766823252983,92.65052501932267,20.13714193903684,35.07876426507888,6884.383425224534,13,4,41.27556611811517
78.73464588021659,288.98997930993914,22.36510671220794,62.32317892897011,26944.623128412437,2,7,36.60983398292969
92.94517941536148,206.59830224588603,6.429663019159735,36.74381709466466,12005.473689760947,11,4,53.74027611710706
134.5479285437383,578.0169104281679,22.450604142478877,24.623037312713436,32044.632024028135,5,5,60.841375282838285
116.56052126711027,630.8034568935233,2.392941101853978,75.26053395062468,13906.297152959209,6,2,57.80061598336947
24.754657573672695,237.87544142473428,22.3491743995528,47.10579927725835,10408.66656288458,13,5,28.18765263815068
201.78422332275872,507.42346166271125,22.942433381779974,47.376962040749916,6715.470193757898,13,2,62.9035065447712
217.1553698047487,162.79219421329566,2.2651409863503544,51.054916269136974,20368.99637240472,3,5,69.84543163336491
50.85479957969437,256.09761638509656,18.786424529088457,78.68322728538276,18423.60281018519,4,7,27.983165671282006
141.88795157859087,168.7388775893885,23.344434596536555,43.100256507666835,28041.988627300572,13,3,51.87696334053671
43.886663049797576,261.4532906235067,21.92984881399112,74.5786072105642,18867.282790177163,14,3,31.8178933373353
167.89282046875857,511.8313903035379,23.355623546316686,87.64722853612712,15002.111005579874,1,2,53.60486000182881
81.87143244458183,662.6092225185616,14.107117125348065,67.58251010658556,12372.957300254211,13,6,43.57905264061943
165.0729796322184,209.61434107147903,3.719435077478542,51.08103784474577,12900.695855039075,7,5,62.88295764980242
179.93881514311417,426.93058236846025,20.695362351710795,73.84086006655986,33691.13285849005,9,4,55.45770192654398
189.10244822188454,528.8903047957967,15.504221627798255,52.96861062209976,9282.515266809995,1,0,61.05267148097888
43.70300811029725,689.8703798307621,15.52420837214236,49.83876351978614,35621.64558582881,10,0,45.17207526753415
221.52260593027376,470.43870904779124,11.179579416891096,57.820387777233194,14461.422566151192,10,0,66.0109849890895
70.64707799687378,243.26843585752363,14.5805234834644,42.876008106269154,6828.487533359919,10,7,37.85004159462081
28.230762358759552,480.3060204249192,5.37875513989452,27.506015572160088,11958.09218521168,12,7,49.586642971584546
142.06754326612634,285.1143434739304,18.274940584455308,49.86934439788389,5869.260145747799,15,0,47.004953271204386
101.60290244973652,704.7221700426929,3.6503807617339312,28.91769544130974,29280.952613245307,13,0,71.35436390210384
202.5537434891309,335.7927265047276,18.055176874963426,49.55178609599216,20401.693201315375,11,7,62.88385087068821
197.81532385414638,518.6737412870491,20.67752529774679,60.099227927368425,14783.57180373763,15,4,57.276305137166375
89.77055642099738,94.86565270192543,12.39431090641874,87.01120504680657,25185.58734821,10,2,38.43780122086853
229.6378669153439,336.03932552624343,13.216268053255085,22.60800783526186,24180.688830410247,10,5,75.75171574174352
84.00192439082609,640.0688725264074,8.86871400428572,64.74500526813998,34075.90685528288,8,2,60.052857412041156
133.3125684309772,470.54556443727733,23.328088841962927,52.956933438805564,34760.336535948154,12,1,53.118331417456176
76.31231992487261,364.1234472934249,18.12873844031,21.458801230698022,25781.88082129297,1,3,43.313630763417216
225.92958541077192,678.9999996388646,10.11774817260759,37.967468667587866,30170.109671813392,8,8,84.10472719248739
56.213719868043995,626.5500007342266,5.8457624971261115,28.530938169545713,29357.603210725712,6,6,66.12866752719594
29.880336266312376,286.2180312466805,6.830751028446009,35.60917849266402,19721.71304639679,14,1,44.850637982524944
115.72135320066835,428.51097730645733,12.206290294421102,39.769057529186114,26542.66521706934,1,5,57.340924562316
238.32262409228414,393.48752389917615,22.736504806915434,48.89405614751813,6504.288245874246,10,7,58.86302835055918
216.16899857608107,484.6096000735119,18.1512196067402,58.0908363312001,28256.674660809822,2,8,74.12174610670631
184.69376428052882,293.8312108536036,6.735362459941296,20.0712795626998,34778.656230155764,14,6,74.21711273432261
215.97434799327547,236.29120049016848,20.910344935215758,31.65459396526934,6719.19210002363,13,1,57.46889607864093
216.5582607335299,664.1099745635431,10.320411506212984,26.736779763833653,30755.705106939346,3,2,84.59609574903526
134.1488392850188,671.2796796790441,20.73788802055541,59.57648474691755,33855.36085277668,13,1,53.103142068316984
89.50439140277446,619.7266468876666,7.317391155584881,43.693390668891425,11238.044473665987,7,1,58.768853863067754
189.84273506441735,706.0508356893192,15.610533462598987,59.4846369944997,20793.95800349452,15,1,69.24774071980859
165.56547789690742,556.7945764990006,22.3867507377882,35.971277756576804,33691.46321481563,11,2,68.5178470010711
102.20470035221622,569.3870262796797,7.673668201251472,21.744513494306112,34727.232144734975,0,4,68.36272763345903
40.78266697353336,568.05765885609,17.244384992888808,87.77841689145777,8092.236299274124,3,3,28.848854151122165
184.29371449678573,387.58888380307616,23.720877639057164,27.79818472560757,15168.13521777442,6,3,57.823183611564815
77.74131350303023,372.1294044891339,5.313162319346077,29.13382985324361,26340.62851682741,3,2,56.00778876457011
226.09889311743143,233.744816735362,3.9448503954148366,30.551371508730117,11089.87198034977,2,1,68.16933832709263
73.01352650125065,492.6842843899459,16.832294233785955,90.65190972751563,14392.660116303387,15,8,38.06123486821387
47.00674513052692,265.16488710549413,9.474190850478667,64.47153729223972,4745.3139201501845,13,5,37.35898352553468
202.84478786747934,244.99738220950684,3.5673785020650044,63.94087652267724,8912.693789798364,6,2,67.13506416735498
53.72254965738869,455.01527942147504,12.45672359343929,91.04227050933413,21994.543821367803,3,7,39.44094939354802
59.4390277947026,342.3887284640276,18.582954952167025,26.367591387775143,24898.882121733848,2,7,48.38881099846652
151.86421413458558,220.0682296285646,8.272692809134153,90.16406426304482,24765.178595066784,14,8,51.8679947357556
212.40364898424218,602.2758507218119,9.371031305112965,34.68894655189094,28907.535064902935,5,1,78.26082401357705
63.21562645720611,630.7647483484006,20.605386814233388,64.86114825646655,17289.005239641327,0,5,41.526281294287045
88.27120803802084,187.32769259377983,13.441582069752737,50.246016701801,12751.702919716976,6,8,41.11787595639266
191.02906441305907,84.80450099199992,20.540103313742385,47.644530570356835,4498.5824013608,7,7,49.95372020871744
233.8018137334128,295.1231798587992,11.820568827161608,87.0495196505213,10612.15443367638,9,2,54.42866186986082
130.1630609645153,590.4069348356816,22.965453554322274,30.744396447698463,13996.409990465192,5,8,55.13144248906636
51.65745056127517,617.0712743899676,16.317480973790207,91.78896879748953,9702.619407374896,14,3,36.67914604285121
23.06598329580434,168.5306048742715,4.549775037023487,47.2970043985915,4644.623087891272,10,4,38.58273221113707
70.52432659974815,575.5749767571527,21.472045740989614,66.71179307997592,9038.32347728613,15,5,36.240162726893296
49.00088791303463,154.05066707803485,12.763834198277552,89.68928466680192,25315.185714162315,5,6,33.67772006941798
169.08490819482864,329.6400577001787,5.11605729540391,24.147275627286184,24146.733327123067,10,1,70.00834011550123
46.80315101827685,719.1100896076262,5.3591829445112555,86.44623413061372,33941.87646073736,5,4,49.94621449336087
131.39258495653928,203.25812686778227,17.125746572417178,60.88241974551271,29541.385324713898,11,7,53.76744436421381
172.737735841435,178.53669284968092,3.0421951480487754,70.71657528637657,22168.19573891812,11,4,64.36096425526426
147.84565402859852,350.5922128299478,8.305062828103893,30.74126123981708,8401.803119782762,5,2,61.628441566462136
63.95064336521268,476.5878566207113,5.075326990337098,58.40389501983432,22050.29820560502,15,0,56.6446130036795
196.90739576009778,677.056500744482,11.703703451580253,68.49298746021755,5971.041949253784,13,4,63.72913784506057
177.38956851547636,707.7255331411419,11.115782983875949,52.84980613191309,17788.31671714729,14,6,67.13955007002087
182.57648086141918,124.57000741849257,13.48128156315483,31.158932823636086,16488.27612631025,3,4,56.978057643359946
48.83270534260892,168.3184111026594,8.151999240255666,37.576573406161515,17690.04189961413,11,8,42.88739705046148
47.225836803075815,586.0723032934361,2.7049589663198983,81.5162809515319,12954.42938863319,1,5,38.5072582799827
224.0637612214317,253.20457745335068,15.516494343774086,22.48191148395892,25946.57432396236,1,4,70.01920093724893
107.46720264148694,646.3033980840707,10.22179606341173,71.0380696477385,30910.222953560944,15,0,56.97520195069425
86.20871219180674,504.6100846266155,16.32936997228102,91.95608262904594,28592.543763167283,2,5,44.49452734871383
127.48848997733734,151.58067352363338,4.390673357693906,20.538775719687195,24088.06706530817,13,1,63.78677426122811
165.83012680798814,612.8187423513646,2.3031018164691073,31.595289163035673,21227.033578656425,6,6,77.41804944224585
230.23711655033338,192.86808320516855,7.4624734534764405,68.53838966430568,4994.693760256972,4,1,59.95189036701613
83.0181699140521,351.03705259497843,12.044041105869148,24.319340090145076,27133.88795814148,1,8,57.925136567506556
223.45785444864597,433.3983542779712,10.66958343170628,62.46487883762184,21439.454066511917,10,2,67.84807178858405
25.46908810497639,400.4903354113781,19.82665621601626,69.24800745639604,12663.71362124438,11,3,26.81953208492923
142.14356931190144,519.1442659936963,10.312428172242127,62.34653706421305,14490.945243310132,7,1,50.06898307612565
159.47452456983874,497.71951031632335,13.669705951267735,46.29329861751684,33939.41716703172,12,1,62.946152071766
43.297428825165724,714.9068835379551,15.057343033728229,70.204325311038,23979.591843751266,5,8,41.92108523081398
50.87471135406078,719.6300219034802,2.4802906162078555,62.789198816995075,19229.197909040908,8,2,53.10766529449686
112.20515024958684,410.5340176868102,13.332934290616159,34.94987639076222,23869.495670669046,4,4,53.652928497792516
232.57102067149998,140.92741565495294,9.586287706774433,60.545759138127906,17239.754399541023,9,8,62.86233443626249
151.129361711562,545.8197113399797,11.268162809031601,83.49731963400278,19045.832742496517,2,5,52.669074091568724
225.26510875204647,705.0650100586171,4.206322766895505,68.0119965697124,13289.896214645452,7,0,74.57911891588755
196.95940143485356,283.728888082573,19.222052444270194,53.968988532356995,18075.305618932623,8,3,58.39200086483775
122.82395234216413,375.17368693604726,22.732893517787495,43.154055406600484,25938.951438013133,8,3,52.6266229755755
192.64795883548123,351.8572318818918,2.4899140538512,26.183807079505247,5278.141602767015,7,2,71.33461116933472
23.924092474937304,112.90825891643479,15.230200781849653,37.61315355865007,29440.877033476954,10,2,31.084995609796096
44.011679288461686,510.24923598300467,18.80456948034388,20.805446222255135,13055.345307562011,8,4,42.36412974110002
202.474295274202,306.1361248438194,8.265766950297568,91.03706606179743,25841.913389839992,4,3,59.65954131750824
195.2997594315356,583.9768797641614,19.32622286699077,36.01872215326928,24567.21006976192,3,2,66.37077312382225
71.18096323261541,612.5568481804711,15.911811116858628,78.67106787334683,24884.097572521772,10,3,45.10994741037154
136.76930993179178,605.5877034226211,22.44157790996354,32.14243148995846,23460.125320185693,15,3,65.59151584263886
153.3234805540024,346.6662387455233,23.582105849783,40.419282771601324,34691.25881822512,12,2,60.87386939551688
210.90256983072246,285.7892366341757,2.9316145079715055,50.11596698444241,20267.013206252508,10,4,71.53495021642365
152.68357461451964,559.245298986915,11.788630742594137,43.35720781819557,27434.211696491246,14,8,70.19952805083057
110.76574524020967,592.8892376593427,14.033731326720801,77.48125851871,26574.378599506486,14,4,55.39284662946406
102.32048954958019,394.40476569047433,5.228351130568354,88.95392537711047,11560.562472906571,8,5,45.04301107573561
113.69405900217217,651.539852503234,9.398288269401958,83.02120282286108,13065.78685397842,1,8,55.87682458337923
163.42482562759432,172.1015654902773,23.72824385064216,31.05760642023847,17568.547141022973,10,5,53.750945419353265
210.84793898551146,642.6040189817345,2.3570700395343716,75.9215846971489,12886.333774822695,9,2,69.95213022795956
119.85731405678594,141.50094910200403,11.95517449353645,30.652177757939224,15735.779165758711,4,3,51.274567628983995
74.52470384929879,178.2563341149529,20.538401677800316,85.76343967247129,16510.73964570579,13,4,29.607493106120668
72.06571985946786,421.6576084953346,9.125827779824345,57.287257448137645,23323.665950027007,13,4,49.56250263827968
184.1231416535582,123.21182731994561,12.555567060613374,44.21943834008289,11036.481367521972,5,1,54.095131362046764
199.64512795326027,113.79654489607063,23.51700640733556,31.305835808061882,29737.339708053994,7,0,57.18656065911231
43.16117756790749,80.33199626605153,12.447290402465486,20.85025434888833,18001.16341668815,3,3,40.208365410631906
34.64294853013919,359.24266220432844,4.880268867222979,37.8521833995837,26599.8115738639,2,8,50.77833822337501
150.7754060264194,575.7592840270271,3.1378728166606034,85.80944455625446,6606.159399706172,4,6,60.06605676305504
52.15811372239362,102.29654417914603,22.799164593678867,77.40287784360038,19038.89261197974,5,7,27.099997388400844
201.4261219003951,497.44486813814746,7.847807092051445,89.8251469580518,4903.025029674506,4,1,54.567160279606284
88.27362826329637,606.8014831463594,13.08940594442012,27.25482952073886,25629.119738098074,2,3,55.69600753873026
51.65182525365138,187.52054308983753,3.9954388539793095,62.6368695324082,14998.722463906226,7,5,35.412155513074616
222.61350394723905,173.99279028569873,11.320412652113312,38.51483413021592,34376.09005138652,9,3,73.48127832377314
56.4169790017612,630.9126231171431,22.46232142350273,59.091802815613335,14371.97486724542,5,3,35.90581193350905
82.63841811434582,606.7997503680606,13.053085859880644,43.07275176056877,22041.788736567258,8,3,54.871195187707826
53.7949469422529,424.9227304090796,23.364973339651215,40.40951961752174,12236.40242222767,4,0,36.13876702983075
45.40781400637809,604.2879227481474,7.694384019222793,61.31686174577102,23843.60412631489,11,7,52.286587948899054
24.652563594016808,139.36388955167666,13.099995273486618,33.1989076546069,18945.355204263506,10,8,33.228752641259035
32.18699001613722,332.4681714808028,20.909677419805156,53.77760746199241,15860.104368180253,15,0,30.517547469206065
58.421123605887594,552.1904359080786,11.861551800182363,66.85848308317051,10518.059170565757,0,3,44.5767851782057
31.744025177978585,244.76925396733657,8.148722218544172,29.229109269161892,7568.683007086569,13,4,45.90008110395608
150.05163954441366,561.4905052374738,20.820457995193397,87.00278750313709,7836.132286613545,5,7,49.66450466327546
169.7571958958914,402.67430681012087,10.577568315197398,56.412178360696984,35969.2805601777,1,8,68.04498078869274
106.59870050304622,560.1702322868691,13.67591240332515,79.00601397567264,17193.943259431508,11,3,45.98570211123294
89.95804132945086,377.3949682286909,23.483595461133206,67.08119100471656,4061.7506519468625,2,6,37.11214055109495
130.99577214489062,315.4587777419633,6.102632484629005,71.12006776802328,34493.721300032455,2,8,58.85754055950884
212.50108729161389,220.2810985463247,8.630814007844085,71.56142775148433,4639.357575354004,15,7,61.169479170763964
207.24895790088533,213.3627785184096,2.6835312015364785,83.00719258842602,17394.75601774508,3,2,59.928038326414075
29.564513642814227,560.9541187656935,10.62042961802116,64.17959132337853,26959.28275106099,8,7,44.8157872840482
59.9296501112353,156.1026227417347,6.40403547286691,40.031634923940054,33267.17581989637,3,3,48.45961260821399
72.08387164296713,135.02870407100488,16.96076857897361,27.164694286312915,26812.361325827234,1,0,40.789578656182805
74.8652666830866,192.82647361416332,5.989072092848752,63.65004460041018,18836.024156800377,0,6,45.18242360048869
145.67118338340998,192.22176733051,16.84588055292913,24.777401871481835,35182.14524749131,0,7,57.77825404333028
111.5777336547023,606.7888785964159,7.7964594201649895,37.37312852164617,5258.220257064653,7,3,54.938803534091434
30.835906384070675,335.04423902349595,9.814792350666394,24.370917291337644,35580.550481216254,6,4,53.949398111719425
102.19511046110576,713.8486127107087,9.674934345020745,59.51990640847283,31180.529654670045,0,3,65.6699116732654
135.22564871788018,167.81520498599193,17.768538503599405,31.544344995886497,33725.760548043494,5,1,53.852777991366665
42.36781863881751,498.26548844393176,12.263203789043548,63.94932699921007,12152.717571121173,4,8,36.29282213475569
203.36088183348315,367.18688460880037,9.948575774759028,76.94228942215527,8558.658313096632,9,0,55.735053672839946
31.431610622322935,331.4676330861273,20.7576998188679,79.17541189557409,25226.0889399264,15,5,31.12552919334271
223.46521118397365,640.0538873946127,14.58291376410646,42.28713258590918,20507.50201555584,11,0,78.2551237127076
41.804891147572604,704.3812133301758,6.7042780681159515,59.52472635400371,20741.374743820143,14,6,47.80390622328281
205.5864893515056,638.6297336154744,21.802008119161016,60.53677472621784,33587.813711462964,3,8,69.95186810162308
218.58369166407576,203.07243458248513,9.538306512740093,54.04787711509999,23842.58901290439,3,5,68.34860978044311
235.5055497290504,221.3106695737178,2.8575463058210486,67.16820018258306,13954.042723346876,12,5,71.32081966360046
196.44569366019059,499.88728262084055,12.881204927437963,35.126272915294415,16802.12980537203,4,7,70.43791693567894
191.48505896969237,265.0134922484427,4.726637197699311,90.50551325024918,8271.866722939241,13,8,53.12131886429861
161.3463207190205,550.2240836995711,7.246261761746336,27.061747550547135,10154.049288822058,7,7,72.43935316646812
191.37919800718836,442.5092165181726,18.436439199123043,79.70392216662458,8587.202246705232,3,2,53.74942870247947
49.60148585089236,432.5816118338579,4.876539894279009,62.77491106048552,29929.322918763344,13,5,50.76874390711355
137.9349679084802,610.270031896823,19.752772935788784,37.629541797947546,26555.9509751078,8,7,63.13467225565801
133.1290314418912,534.7409739153138,22.61196033888098,73.68860004754158,20971.04056354726,12,2,48.271424557604206
208.66587170696266,97.00976959826669,15.343706208974783,26.082624488749182,15979.770676082264,7,6,61.3318361747675
121.8158604305735,111.65384777345004,17.627902224502243,75.75808408031239,25391.817290379215,2,0,39.873991905532215
104.71968914207777,464.99740957185,17.698905417963182,62.478936001496976,30012.97112626435,10,7,52.08498837388049
160.70391967216423,391.1629283982563,23.84177505994979,27.974022924540915,32199.462901494688,1,5,63.77303207832527
78.62192985018613,246.5181794195145,9.513841768435704,25.724400542650656,21504.519302602675,10,6,56.805922414384916
50.749050409870506,347.93989588147303,5.582844127339454,74.0602160074253,30236.32389823043,6,7,43.646441463908
125.13300028522407,565.0626039890308,13.421679168115073,41.09138526827628,20361.790509206243,12,1,58.15432644915362
111.7156610908747,609.0313501810751,13.731495816297581,84.02973325523936,19184.962854012505,13,4,51.14221337673715
71.16538691635222,439.1827634496283,5.9140747425151785,74.86925751417267,31693.819379907207,6,7,50.41992293426852
100.85259822532817,326.6364677485459,15.48840721787107,70.26969761967555,16363.965960469248,14,1,44.39278229876286
100.60633896177443,253.2459273568685,2.3107441364901273,40.059635789608464,16669.20572930247,1,7,56.37528218146884
92.04902417076,414.0278212923222,22.408704853992873,71.04400536955649,13757.163049117316,1,2,33.020908139007865
103.48209753992437,281.43975588120384,7.820634112067756,88.26663328506805,20598.455305427735,15,5,46.08416069052545
170.863536000308,441.02088771022267,2.87032458458422,26.59230807468096,21435.201078062742,9,4,76.77694855825901
85.31282440568276,513.0575248061681,4.381487712446855,43.483710224256754,25134.75664993462,7,6,63.917109776109726
228.7487438773749,122.2906949884127,7.285476862152118,36.89640311323478,17776.073923506257,2,7,71.50079452881279
221.59656429839913,80.68317761455823,8.025935709332995,48.314009676848,10970.793340275179,4,3,63.79120989580754
125.80029422601729,215.8573688580755,2.7218199889500307,73.44795114948414,31738.945997244027,10,1,57.19681671522023
92.23946510103154,652.4873585400198,8.145805868262041,54.14546586262783,15072.02775161646,13,3,56.87297694038259
137.7956537626007,493.62608846627785,6.244718202856607,61.092603640657735,33534.189434885586,14,5,64.39458647768846
206.6833075301974,190.05462523969464,10.329660403559409,42.61915194164065,10635.306656846584,6,6,65.10874738464625
163.56921492322246,649.768935567116,10.473690221831323,30.17282723027124,21921.839239559376,7,6,73.06725065552581
196.96620214835704,380.7718017838976,9.45817029326334,39.21922272351645,21171.68299294247,2,3,73.93150333723484
137.19890073446282,384.6987242743428,9.214325437675488,81.89698168942306,30516.73113366385,1,8,60.75811042536501
159.24187843887657,678.7468440592993,3.9740881103075267,63.37402127504555,8443.244376026552,7,0,65.87194957058449
83.39423512014159,118.07148299733761,2.5545088367755677,47.215184470200825,33117.98953335876,9,1,53.55970743002036
181.67649570826399,217.71409576237986,6.446514603442265,76.87323068496231,21005.701509506245,1,0,55.2537146572527
64.52901048765804,454.89364809902236,18.646287403165537,24.64093513675343,22755.500285259724,6,8,45.46885355222802
172.8555883400696,205.1113661324826,23.797814842124687,38.280158330411766,20325.321385528547,10,1,53.4947177746985
209.35819503169668,514.8972858937329,22.42757585126124,36.567427092128426,5152.797018760527,12,5,64.78392009353472
49.06262420633966,217.01906517550094,13.09282582183091,90.94624847611199,19906.901177811138,15,7,31.642478128445056
155.16354291922235,143.4604611832412,13.700124827114553,70.83909793227875,12433.589205663697,5,6,48.71470182764431
40.92106461058562,212.47050217013742,8.920794518788536,64.4805874199759,14966.021772090606,6,8,39.07972455405752
179.65743821971392,350.54978193411984,19.026667650028436,20.35891750120205,24771.25117398848,13,0,62.36196859925997
38.58850814117445,192.72851147077114,18.82464713451827,33.27032015046973,19926.30814317139,11,3,33.78738829981477
225.90676099413773,166.20289595094226,20.57399186681378,65.75897309406164,6982.982805358734,4,4,55.46239870328084
50.22974460831648,630.5804071801222,21.701100698331455,47.33979150667993,6337.320792376286,10,6,42.258748449740814
230.9536540999977,285.054210302277,11.555683460956507,86.54818762489238,9941.04625975585,2,5,56.205841362026696
196.19451873872126,310.8855593716823,18.871262498358348,75.06014377820657,10108.324690311158,7,5,51.999808726933736
150.6100409825979,115.37306208078569,19.74077203350933,52.211653241896634,23465.624223083676,4,2,45.712400949310286
192.1773030185003,308.71655904131467,8.786111694950502,73.96507838275548,9690.062849457368,15,0,58.18840754238787
194.9252645762789,249.47659348581098,22.4433293681353,90.22911131548796,32215.02154479266,0,3,51.923512658268116
228.12595381981265,470.7104430987447,4.075513058072421,53.190619378505886,10712.341139629221,13,2,82.09797968907952
75.74433784462119,211.44979051034028,23.873921941592222,66.2618639279744,6916.2062536442445,4,4,29.831318371255428
149.81669697882802,648.5538899602179,18.94199579949513,86.14385228441326,32023.8725235087,0,7,58.55527482119071
40.91082346416827,674.9866373885153,4.0519599171352,37.90457566660447,13450.482434455456,10,4,50.3778652226676
155.55645400530668,143.89187659314572,16.43705225831001,83.83216978397203,17613.524154679544,10,5,43.14228002021926
57.68408690041354,148.73789202468942,2.7519470404217232,27.02321888765475,34688.844288398155,2,0,54.0406820076065
144.2891345239372,153.8089203910323,18.94411288777202,66.68826828231055,34219.81501304876,0,5,48.22648309579853
145.93471308744694,476.5243240385997,19.582904276499217,76.36434716401646,26877.34045647737,1,3,37.51047916237846
122.51673365587001,158.06013709415865,15.25302556801185,64.25164778617469,6206.04645544175,6,1,39.78726496648535
134.978990612887,625.5246834753705,20.850928622164552,55.6785058989831,22986.88401316472,2,1,58.47086030496055
188.06314580144934,562.7337695602512,4.1534321647269135,64.4489911946494,35650.49392135225,11,7,71.31145875886459
195.83383763265465,604.6776692723354,8.070324524897892,30.91978703212001,34301.31930956738,1,8,87.15428549180744
128.2737074265944,416.67873720705336,11.111905475038752,35.52109114377572,7392.079760638172,12,4,49.1385242342474
151.9105571349747,717.8734153722583,2.934074962218162,39.43275276485662,16670.953698891797,13,8,76.92639704614956
224.8719718518224,108.27206588426321,11.860753926565655,63.040112525362744,14097.175868890858,11,1,58.77578384716573
46.34138947024702,336.80957707911256,7.834696034476451,51.81687730964508,8151.299420956978,15,2,34.92008059731508
45.76278449802431,287.31946812008715,10.640170266238567,37.60226065898045,26233.54595996035,15,8,47.8491859162714
39.295982620369045,687.1331191760903,11.352257903830742,83.56227191440976,12763.147659527576,0,1,38.822351297625765
164.72992270891612,449.19101343845944,21.34705813672907,46.922372501112086,15035.70570000953,5,5,57.318883610700404
112.09382617388349,595.9622178846241,7.947501351608059,52.114283784552164,6891.484054445375,12,1,57.63751738376692
190.3507115512055,189.01836394145207,21.662348831757985,49.49847751152761,19934.961880917297,5,2,52.34730688545063
167.67091092789036,706.3258520962809,11.371361225882683,33.09989277992619,9061.371636865808,11,4,64.18810868538114
93.4003068322124,399.1293100008417,9.211769855267692,72.6771451109768,17826.893554543654,12,3,50.03721926254378
217.64064041953787,395.9501288132133,13.055265085373213,52.28899488335777,8586.95110730565,15,7,71.09931097444964
187.7570723555435,701.3662262692721,11.190352299982472,21.170511912275728,34523.196478404665,5,8,85.36282639183689
79.51768700023865,323.66871117897284,7.662190887213214,89.40898656990538,8639.441062308564,5,4,32.33394767711623
100.12224390985189,334.4160157151955,13.058945145513473,78.73498003486978,20700.388923220264,0,4,37.858295659809386
89.17679564493784,454.2417297951595,5.339638127734288,72.09627349460983,10303.354410207601,4,0,43.131290322967445
54.67456269749992,161.95367075058363,9.742458746505253,82.5746146773341,6443.577711123496,4,2,23.439668736415598
52.51234195928216,285.49480090358713,14.447384826229992,85.29012225959961,10473.875802947141,7,0,27.22373177475691
225.94804194266368,203.65332636488353,11.09498137657689,44.29925885967958,5752.771436493955,6,7,65.40156425450546
116.33888818372571,146.10142662851175,20.126071943117523,63.9890248460023,8460.716259871642,13,2,32.19529080692138
104.33036101103016,634.3325480518529,7.647878753773657,63.83416226280278,19791.49304842294,12,3,60.975959685971475
180.53085590902313,457.17194632158464,23.33497473428222,39.24557615436298,24858.096673842374,11,7,65.88309104325604
141.65847435563796,309.55058657786316,19.26388445872973,35.980562104188834,6794.87408229707,0,6,47.36515445043763
225.95079710446169,341.5484015146962,23.287046571944387,28.20132234696959,18112.59596493659,7,5,67.31693843924484
191.66632866006628,356.17216235990696,20.43900420626669,67.4706221059846,22599.904731307262,11,0,49.540556708171515
125.46130410739887,485.215476572614,5.126286368736139,76.22616735421616,11495.221638753967,3,5,53.56966596239619
102.79908416578176,673.1324105529557,13.582121993970302,74.78861452522428,15906.509168512812,6,5,50.82067792756491
237.05893988335086,676.9789565804688,5.739527466307286,42.77182715731816,6298.715831475476,11,2,78.57249326663893
177.90725192080157,330.5548668996246,20.00100175779966,34.77870923349456,11044.194567459037,12,6,58.460855353656484
229.26282520084504,290.7279741425725,14.85156728203251,52.66022084873278,18936.09362940608,13,8,66.6838768810456
46.0652869877491,368.6697601185632,7.795884915851927,59.370569137316764,35694.14972561032,6,2,45.15983764765612
207.11740942197218,443.4779074742352,22.45117738415777,86.17427321373602,35880.482014052264,6,2,59.50134583915209
160.15625447806568,375.5634633278389,4.534093172913735,82.9872671077319,35347.893795977216,6,2,64.70568958126869
46.82276923372477,501.6021822826886,14.404972876368909,85.95619985373159,17538.764361610483,10,7,36.23260539473299
149.41675999322854,434.8153749630487,17.862892202667958,81.21889172979053,6581.772109269281,6,0,43.589265694328695
170.94120032319873,285.2579498842087,3.2946678213134994,89.44984671941441,14354.349991978672,6,8,57.37872102454047
22.706590895492624,301.2677156880849,15.15283273053648,53.51599979617214,11606.860011871273,2,6,29.5890750338572
119.94995160518424,322.2993840382278,19.949826740188072,23.418091815182795,4452.050397115347,7,4,48.964063067369295
201.58789246319066,140.56945167960876,3.485600917197174,26.016466314690433,7047.475529228013,3,5,67.04536735632342
84.97898557569977,186.2800847449428,13.269345364345796,48.09988220760871,18502.141921570113,8,8,45.08121132277813
120.88057799568125,542.7928333730472,7.688257919272281,38.55347057165581,14869.198841737503,14,6,62.97911504022812
117.30910795493651,329.0218953741312,16.584337933812257,32.235722577996846,9771.319092303456,12,2,48.848982905743604
86.42402611734815,217.30494243849193,4.610902075734588,88.63067176462269,26915.199061079908,7,0,41.78120006998935
222.05721701342193,440.11034276790866,22.615131474751152,34.07021036556482,15427.699068691794,15,5,66.77726122123607
191.88468779493348,563.5453071829934,21.6840287977241,89.07530760669664,31259.77138388942,15,1,55.29175671815076
44.32945041914431,244.75031190103772,6.091437237265602,74.78039650312691,11711.269128419754,7,0,34.67210626645274
239.34762472426607,609.1455244311965,9.111849456032301,66.14808839301608,21228.591682771992,12,8,76.24833111077929
213.42400534770394,673.6031101600317,14.927969442366948,68.67336512643524,9892.454948773839,5,4,68.27907670685579
82.45985633008857,462.33249860725806,17.79737140595351,43.86615130345693,19849.619724346943,14,5,46.411920673540976
204.1172475254064,508.12650175461096,11.738432333525681,66.54274674019632,8878.928287308358,5,1,67.00707415133468
43.412297011704226,113.64863380675544,5.438409083141451,33.441832516251104,9170.515979888702,4,0,36.53673934602103
239.8030407043325,685.1327302540201,4.291332863663175,87.51479114259052,23591.148065344503,2,0,69.74969300185485
166.45064194343811,331.190229929564,23.994837412115565,41.72912047716274,12441.153349624536,13,3,51.91768222444054
163.02750342293533,671.2962563490751,12.017746671756719,38.373428885135034,9515.751250055913,4,0,58.34501727095695
39.896959936509205,450.5456158401552,21.19569848126696,71.20372146997934,33752.58400432234,13,3,41.791358098700755
217.34734775725755,82.95603125972967,12.612272101840517,67.2643077007651,5376.104023681634,1,2,55.63898869415225
26.379890704983275,104.66687956699886,22.291868048012073,52.49352212071798,22084.739606268387,8,4,29.18208645607732
72.98217276905234,515.46803562875,3.930706420974113,65.53612889773662,21544.442938664488,6,5,51.29095133822781
51.4648125366597,440.1075288524372,4.508422209360122,31.483501166781643,12019.483980897912,7,2,55.471549508365534
190.88894695228808,96.98075981188758,22.451908129932935,68.47963813294076,18488.69584361017,2,4,46.71518634773937
63.60492998683753,555.8143751823266,22.844846990985268,39.483970054053955,6807.609058644335,1,0,36.64672767256537
220.34040996879475,625.3730157242763,8.923783844237994,39.64419032070492,27080.64466956434,5,2,84.824325425221
164.37918865204784,397.7071887611573,9.81362751386518,31.67695531595249,11094.308748058342,7,8,66.94494963654644
27.95579630883317,378.0847618286432,11.953905166364676,43.93115372260385,10188.33151444979,12,8,44.76308878851286
21.1945635083141,83.50278965416159,11.155556961480398,43.850076342415626,14076.111304880098,7,4,32.49642232889325
31.364741743167762,583.4558159959035,6.180994751111127,52.70088884256339,32875.83744842054,3,8,52.188313761179565
153.3035390825001,291.65828271750746,21.76425844666624,33.71020433597717,29486.932745073365,4,4,55.386946326312575
196.32599838907137,642.4087166608253,7.572767215524162,33.89654260343117,34300.553316280246,9,1,76.32841070386624
72.48162053802547,318.75877603715395,17.515993008508335,59.00517715975244,24862.795073058733,6,7,40.91993183614263
206.86994544307606,441.64986280365156,3.4774249101694035,29.27917313627421,25213.488353026805,14,3,85.70486134871666
32.59102683371729,253.01874444756962,2.852529293625448,69.60058457519614,19360.991981638945,7,5,42.57673568343699
196.21204780116878,182.77652005434794,16.382070396692253,87.96419306210696,32965.96234774322,9,5,55.65686241836914
224.11499463790167,575.9410581640499,9.458348866611729,50.72928475983523,20348.06877665053,1,2,71.11418355731428
189.86384780296373,397.8179064616202,16.42010663984003,84.87958254684872,15361.92226544079,3,6,55.03524445043566
173.5865724753002,423.3522712014405,4.068466447714268,27.07879456106224,24492.000317365284,13,4,79.43587837454704
204.35564810418427,697.8662102283107,22.896730358148993,23.09294917104641,21476.46378883083,5,3,73.90601391811596
28.83328590035461,696.6911438221783,18.4673182716481,71.93855918099648,7968.634089916655,6,2,32.06685847497341
64.39206435819219,627.6109578895382,21.277879126567584,74.79355325466776,16567.213245197745,9,6,37.66851857081262
47.48320944724148,200.0699473696215,5.00235218897924,80.70019334953409,14026.41315502336,0,2,35.32810907951363
130.99681784245703,460.33452435301115,9.043541315643125,24.09087284479866,31098.68080035622,8,1,58.43066650751629
183.9413882323458,642.014351779544,10.10357161253957,75.9373079568918,16122.96182313948,5,7,67.47196798482241
158.6026058068077,319.6569193273201,13.817798263190008,47.11078876135389,30289.767444444566,2,2,66.19690154664488
207.2488419476257,144.70794619877438,8.531106681163115,41.8403095531183,18156.467004830258,6,5,62.576554515470825
54.146858337039994,599.01625743355,3.3338763281669124,32.45772233671738,28112.01803025952,7,6,61.52416552683618
181.61664022573555,388.3286728717899,10.115324376224356,91.71313436738194,8329.021712358077,2,7,54.37784922765076
62.4691279911589,441.2113154298743,7.600084921800207,24.58377843095818,33588.8070290708,8,5,58.20476812064158
79.56692528991606,708.5723496434205,10.490268412190726,79.54457705177596,19377.916505565387,11,6,52.80184787916514
176.17903340188687,468.6153155162061,6.333109937640577,66.04359935531798,12313.543860041804,4,7,66.02286284019485
235.64505267771,351.98680682630487,7.7617202404241805,72.92579198685443,11727.66740367382,15,8,66.8264410431325
154.5395933149553,316.7899954222066,15.792951489509914,71.24363263436933,12482.473234399102,9,0,49.23236317127398
31.990069298085032,347.2763472985892,10.539384360717431,81.80728292526913,15735.173533374966,12,6,33.846901985400876
155.58797338405722,155.775413234348,9.598434649728826,33.233029029639795,26960.625045619738,1,1,67.70362056870583
29.31712134763676,588.640357387246,13.745923919892205,20.059372412097346,34387.29737282539,12,8,54.32377141423888
214.51205650069977,616.1387892397063,18.980931898566368,63.094051211115165,25409.19776395623,5,0,66.24678987577117
176.10722272213656,262.01416612698165,10.335095039655059,45.47782203128004,21509.320670211226,11,2,58.11068946119483
58.08812621295071,274.4298357823642,14.925428836228493,28.912687840433914,18355.12985654831,12,1,41.478339083550416
40.17862128132357,639.5739240542805,23.256457758099877,33.4019902955052,30502.222945203728,4,5,51.31265750903947
60.377310353670175,95.34102753789149,13.483562510597114,43.885950497064044,31189.03047827424,4,0,34.96072081899236
235.60597950192235,413.09276401102574,22.015546683385978,25.05680270384263,13377.205581850194,0,0,57.65883991195453
120.88334134086776,376.75245739616065,19.460797733641392,24.09775055324846,34509.44795690976,9,4,58.390483319325206
192.49780863510975,521.6811325302142,3.2918109963032935,85.95389034793598,16643.691622604227,12,8,72.03808462092994
160.0098352637109,184.57068809565087,11.44017517232365,42.47139795346612,29602.49821412889,6,4,61.01866744034915
145.93089299090022,507.7316741088984,17.36300497310894,90.72061021809812,34938.23609863147,2,4,50.858851112646235
51.92865602631093,321.10976503992094,23.707662073860398,89.4344245997888,26517.05922737956,5,5,25.196233774325254
228.12537978278093,475.97745802857094,12.084278405553277,30.265132327552195,9169.6232464382,6,4,73.96631154356615
86.29537915323795,105.66080631857659,4.041279990788268,71.47454980852575,22756.382565565786,14,3,47.851570304872524
147.1637874776593,375.505406198086,14.364201843683093,63.25795201714898,7800.867939058509,1,5,44.511149002516916
173.95070780959455,414.2405721487182,4.784403426727127,69.72658926357106,29252.54527580564,5,0,68.2766908563522
162.83129415396795,217.16889782719142,18.533430326146654,26.925752001042184,13002.085563964254,10,2,56.543947472497905
226.93077013301405,169.35913867463725,13.168893944159112,33.57632566168818,26246.874337920595,3,6,73.17048463913257
52.65657778241276,200.62355392787288,17.915490104300304,25.51798362446347,33122.86957216637,14,3,46.13387025713336
131.83760245832724,300.2502899605428,21.125960191327522,63.497662775629124,9792.315221445517,14,0,43.63031158467169
108.88756596296851,141.95849555518174,15.836856377581098,91.03455746113455,16571.450835237338,6,1,34.258018516364864
124.31712048617598,686.2846692669468,15.473665243569995,68.38288671137178,24707.80121835412,11,7,59.63172250020335
46.22785576350381,339.19619935732305,18.60054649967189,71.17483052157894,17429.074969904035,12,2,26.607478246453027
49.500814172008376,597.7405456043193,20.534010031958683,90.89012299111624,9594.206131990886,10,0,24.797033585859758
81.17662007187661,703.6269587896619,21.119183298094057,68.81683190036932,4930.291653401504,2,6,37.839177879468636
87.03501282738289,131.67057920175301,2.8014643050234325,22.893073229249865,17011.140598462815,0,4,52.636503519316854
114.13870700989699,497.06845947839616,14.236186529551365,82.42440326167502,24774.688850621453,5,4,50.086783385262905
154.41726034805822,637.7018155143769,6.757924815546131,46.25683690727333,22367.494660879634,2,8,72.90910862904079
159.61840583201786,485.91003773870614,20.927609597199233,20.314180749059506,8999.719672340558,4,2,60.72789627207689
110.59839724882545,354.5767176687441,16.264749074473947,56.52086078437908,18422.19020375637,10,5,51.21578683602498
109.93228407431336,355.8888688882805,11.24489453871364,87.46508006309098,15823.07347780009,9,6,42.25732169677738
67.87827587333163,102.9752870447097,6.138293018669729,38.52780947803879,12774.476873388796,3,5,44.36801310814132
149.4273746499818,422.1444808251362,9.458519770236183,55.388948459804475,27336.679803532454,0,1,57.126071666378856
89.74900048979234,715.8675179435824,17.48310927988494,32.511935920332135,13908.864960869898,3,6,52.972908292610015
27.933163541020015,693.5728166220379,6.495909994656054,24.153872359983687,21284.542474656933,7,6,57.30101583333578
112.04800971450929,105.85550645898444,4.058824797444201,25.799236163344148,33543.15312862773,12,1,51.15560618587927
124.30918851983748,531.7100823228725,21.53663268100612,72.34478522921759,21256.83143211464,5,1,52.851483310991114
69.63043100492641,273.1295146860357,18.812627690762568,82.21336189343472,23744.733125137944,4,6,35.58594429671293
145.94074528686545,657.9130581799275,6.395488474478917,30.31751642617936,6343.871557361645,8,1,65.33203082884246
144.46981809502262,108.87343725393826,8.430853955459817,40.75893688235375,9700.292599735561,1,7,59.096635314644644
174.4404798442817,678.9594252870916,23.385543896879486,34.04212167042756,7230.438377539631,3,0,58.02719272263865
162.54866608426622,615.9844760241772,17.580058708700584,21.93361593870281,28474.014347386885,0,8,71.77105428031857
163.53527243462693,155.20280464166495,15.431484092704144,59.84705863186282,30749.474589338955,8,6,54.33607573088665
89.56711340128949,118.28757588307148,8.767826679330867,70.39439624991063,9966.569382226484,7,3,42.72557714484135
193.23508883690985,614.212905169239,8.580753171663488,66.64717862372507,11016.696029538914,9,2,66.80604282234353
140.81176439192947,179.6849094237308,2.86951961118507,47.93985540576183,14342.633263769052,9,3,58.81855548207062
114.91200293957583,422.3348179045571,18.026601071842492,59.96073770767318,22914.483742522734,6,6,53.07059002847125
157.72274580703257,666.0767090423741,2.94985495125146,26.775150077808178,23897.478201600625,13,6,81.63839048089102
99.34461357905595,443.16679267156695,2.106861431100139,31.10986774803328,25976.126673326642,14,1,65.3478254176246
132.8026338134868,334.2293129426074,18.04889193294154,87.0892126078148,32966.168198830805,1,4,48.709094722600895
182.07525146608847,364.810275106555,22.87522265728076,74.82855784303257,13441.28449588922,14,8,58.70775304239827
215.0086350792157,120.39498925047745,18.64306705000083,86.43721489941206,25080.287654616823,3,2,51.48874925663838
222.63258340494215,700.0014856714232,12.37608419373633,86.00098048395444,21911.131064886147,3,6,70.22692824604319
130.79924354028182,278.818678451893,12.692995490339207,66.75626843175732,13786.791693202147,8,1,46.77775583413342
134.4605252429252,201.19263467062643,11.595001298280318,86.83318266407589,33037.285970997546,0,7,52.969202602328245
195.97149036804402,263.070273177853,9.142160676427341,50.00269542193735,7055.46918269496,5,1,57.822246341907814
89.17915218372428,697.1988447305465,13.477712712088485,20.260369624515747,26784.032858625647,3,2,59.62071083280735
204.2241197159151,140.34307423232448,11.485321057104532,24.505120340923476,27291.95881672326,7,4,65.69515974244541
128.71116223383314,635.073945920756,15.159693360897043,27.883087450458696,33290.44888607877,13,3,64.88516998460808
45.48847935375905,533.0200924169266,21.758641771024077,26.86544862916594,20594.578955243313,14,1,43.25015999244569
35.853012356047614,611.212274661778,23.890207181123827,45.32257214121897,14291.91482301587,3,5,38.94337641663082
205.2385064286819,704.5744258354537,3.732352377424177,70.49149811187375,30487.701435520656,8,0,82.25343331215633
32.22494171951314,618.978979530798,10.46303639854951,76.92671407523564,28665.929018636565,7,8,46.60077985379063
81.7345159494043,683.7647048178259,5.975536306869808,62.495355752812976,20010.099661423053,6,0,51.24618017146857
93.50860891034009,161.23856434618864,9.746650426361741,30.543404568102527,28571.436020281955,10,3,51.46165464098048
58.058777942150634,589.3046817068608,8.324406408065306,73.84891535466862,12572.019266472345,15,8,49.64929631304583
89.05654135643763,429.2324442118706,5.839816895789342,45.545738177907126,22864.202572910974,6,1,58.054508976161735
183.39236467951883,427.8371808511108,18.80967317526839,20.93552110436933,31685.870553212015,1,0,65.97881974862777
23.23022558321557,655.3098088451287,12.918352342243189,40.202380678357954,14175.5041477284,14,6,44.16092589649127
201.97815339455101,701.9544439338952,22.223402808778967,43.80323989815041,19473.599437783785,14,0,71.149811939973
208.4405651864028,531.0965267476358,2.717033751434319,39.745678535703405,34433.43533353246,5,8,82.61868404517088
101.8975461021406,389.0805692619417,3.4735162889037783,78.45465102950617,29542.778943095575,8,4,56.69768511456107
53.79483779333965,372.09846905718103,10.87201882446757,74.7147006267745,32385.248650577687,13,7,50.36344517450133
152.1848897479178,327.25853262283636,3.7661010488888165,70.07974618971019,16327.905948494283,8,2,58.87499591030408
46.32796229027676,311.4233789265041,7.780051121126338,30.0083656528831,35888.16830830588,7,1,47.92829345806751
100.28225943721556,330.56437867803606,23.692654347685718,78.1640414988523,8882.099349882015,14,8,36.849032367480305
230.85441979821394,137.442070560765,6.59711136466151,68.7566692397593,20600.658662921887,13,6,64.58397558675703
239.00218396840017,129.55909456668047,6.358590311065996,34.02831342666022,19336.74823347998,8,8,68.59647563749044
189.86307609800883,579.1167000782796,14.6200947135056,66.66276298026918,29549.830105604306,2,2,67.2629008752419
88.41153218256856,365.48665146894473,12.955962397449447,54.81283815226504,33075.76872048038,7,3,53.52993632153922
171.28631081654035,675.6380726685571,14.769642538462586,51.633204453648204,27396.46006105791,10,5,68.52946131819681
175.1894004064828,471.8214455001296,10.288176120588027,28.072867770011996,24058.119556169688,4,4,70.34374011253044
105.32517293600294,102.51262859802864,20.188771917688836,57.3179078608519,17677.73410715212,8,2,33.707616904858874
160.99549960895507,180.81493844318686,5.048772131734182,27.19509024601018,20330.429346423494,10,3,65.8801803186908
22.360081894648772,211.72466752832486,11.424638208512244,31.826243882307196,20297.6100231943,1,5,36.62536852781507
65.99268489249312,704.4710556093828,17.174760665769917,29.543334627782915,4651.791157900085,9,0,42.569108477230884
135.51942665279745,219.97070473704633,21.101201686223792,88.69579609304054,20097.465754485685,11,3,45.0980727251189
56.02528693682509,410.08363282435283,10.130575339848669,40.51025771196009,31391.065605571996,3,2,50.80617988689862
56.4995109328374,679.1532362497255,14.490403180062561,45.57471129891256,26696.768356551944,8,0,50.90270630248219
203.98694392105233,705.4033471451887,3.521078790159753,43.1898036533146,29462.675908000154,11,1,86.2735187930108
237.6092605903932,231.27067864546854,5.7470199384602365,84.67403205282635,16495.519672592673,0,4,63.85890140692746
142.31327416625865,111.43529200002568,3.5210395742545186,60.53354561611197,20927.14358121466,10,0,53.343292132169196
204.59534079397696,178.30517282416542,18.01337962396748,86.17951272319844,5071.474207907215,4,3,46.16314734432011
237.87076615177997,120.53022636963718,8.337319311887095,41.594593219608484,16255.934149418994,6,5,67.14671464407016
51.15109548513043,204.8795142990953,17.92239638422043,28.268096559100325,19181.313436564607,10,7,41.02769814937464
118.61403491595723,443.88461741039066,3.46076213895204,60.04772859614057,12166.684787170612,0,0,54.25673448068286
106.36599748522238,663.9672296292108,20.97605160898316,44.87866340888126,4999.711327700794,0,3,45.32855126958023
37.610842402160706,423.8200855643776,20.381664358444016,77.73729201133388,26093.059480926466,7,0,26.377963575818963
186.17263801484378,480.6333162874117,3.956432347106218,83.31848544163941,17922.80802716298,15,3,67.10946375950343
115.43138601097046,209.19504103010632,2.5226431420581035,54.02529278530917,17301.70217959149,0,4,52.82804543413956
123.25192552188828,592.373517231264,3.238353885603806,89.9378497341566,11999.576128912286,12,7,51.30695770641548
53.14805423891284,475.38490144357326,20.779863809228146,59.81693645679722,21210.57276793655,1,3,37.62145295288841
59.80386349079099,633.0475706833439,7.163476759141707,39.506268323814496,18016.857000663407,7,8,59.20295791427977
219.5627968743673,687.2595884837018,14.06201299288015,55.20623710478777,19167.50313693091,6,1,78.57939813058506
29.822799574341353,302.6564964842191,11.377372469961248,22.686341053010786,22587.883149964226,7,0,41.40464699070215
71.22750268761537,137.97059746268118,19.501561577029246,77.88808353894086,4202.388711671531,1,0,19.39160668966261
84.25305266919624,224.59453306674078,12.755762632354752,27.30332366151831,33046.26891322952,12,3,50.293621114770126
127.84345932834901,360.21860203253584,13.014538494547933,42.229891172216355,6274.7967022426,4,1,49.58419733816362
149.01793806325512,685.2439371676629,23.760022668997852,60.702791384355926,18429.591914111825,12,0,55.86649090556339
128.52379468714665,322.1182863189858,5.302850248483656,23.09420904657672,10635.932007660205,10,2,59.1283702625971
38.50537360251404,573.2948567458368,20.275486652410493,25.710816741064274,20761.03581983601,8,8,45.21019633038925
73.60683989225697,425.9050829892832,3.138494403285465,70.12037774813692,12967.363481508411,4,7,43.6597361327098
205.58944464775905,196.99761307582497,12.508272930605356,25.16795070037535,31520.207938003325,10,0,72.79385489393309
160.26951410526098,285.269836130209,21.499366126526517,54.349966369811106,16683.514686797447,15,8,49.24209807291793
162.81279102954036,498.04280641460394,16.63470724329067,44.38608560629403,24440.177784589996,14,1,62.70296221604365
167.4447161772981,510.62617259833183,17.074721626054924,36.421717372861984,11964.151300732126,14,3,58.10525842036622
187.83866418869638,358.24623795778956,7.792980209642682,33.59208064618391,4620.99681580856,3,2,62.3694099215076
32.78386597871841,226.33318570375337,11.208645409951993,74.96561314874572,16932.945139624833,9,3,30.717144770150924
100.65384468517472,542.0203388881129,10.064783396979111,88.51103790682035,21167.567665865285,6,6,49.86838562850967
138.6960357575693,188.07874663213744,13.471750623475874,30.092941438639883,18705.50884037601,15,6,57.443251043463036
94.46042632541173,679.468602793681,12.1690144631607,89.09704778053714,34784.45964220352,15,5,57.12941023376142
205.78535212318104,200.2582905833451,9.191763741293766,62.82290025020747,26618.853563072906,13,5,68.2515906397542
126.16595188920466,148.67991221281306,8.720573472165743,66.19954918615451,35861.43362001265,2,6,55.69406072080949
189.0980696810634,398.49452951384245,7.518763616412687,71.11469922626588,13441.922890047103,5,1,64.54909150784079
207.44341371385718,412.51174279020415,10.031039431464686,70.69656010552983,29249.70494742869,11,3,71.19518206826355
131.05412623876958,405.2434654580767,5.298712514549335,79.02639978936955,21777.870961491644,11,0,54.897219852266815
220.10149365169698,359.4671931768573,21.186294644078625,54.80974289703422,23576.33134235198,5,6,67.52551333751416
149.16726691813574,716.6815314109493,15.246626620335402,58.40181830105848,35547.30241415449,2,3,66.00442600069263
207.0603457434188,391.21959210917237,4.94330136306482,43.31554417736594,24927.59039203574,2,5,77.8159843463049
94.92997503013534,385.88581167349184,17.264905352598028,27.578546752384426,32762.14055478137,10,5,51.427042728298915
129.73973087692673,349.93028013731924,20.64866229595541,67.85409374668777,27224.007511015905,7,2,44.34391157133499
136.91042902100708,122.76848300893626,7.2257847851496955,22.419917781410067,8076.355895192002,7,1,53.83040850871465
43.095537497135524,459.4922439357543,5.313213075419807,39.845723678002514,26381.558730314002,13,8,55.88293885806052
107.68155147433895,225.89937422283674,2.189579656942545,26.78455024011922,19498.098837935424,0,2,57.64023002660244
221.81428796136873,488.06974734659195,3.0395074548426724,33.7323553272357,33401.53577543495,12,0,88.38323217366158
158.78309288024332,112.53341564702538,18.769529662677254,65.98862572861142,29818.702310094566,4,2,50.88266256048399
59.05144813613285,708.0877448019211,23.718099304917263,65.2503173747541,7332.3100034312065,14,8,41.95767731229618
94.54823983411309,380.1632505681102,2.9873670944780852,50.31595373569127,8285.30059691387,15,2,57.475513580544806
62.15266212579396,653.923437818047,18.457561099757637,26.492382307243364,6227.552057555378,8,8,44.79641706695559
25.46108899568596,384.35915086907823,3.5809676485011215,51.2029219850774,19783.835991827757,5,4,46.25137939847617
224.04130087088586,118.61172388750191,15.02692214788067,45.397630773797125,6584.696294635297,3,7,57.698918685324834
118.60561221651173,606.2166695000365,18.633656213421233,71.87305900562839,27157.70677039021,2,5,46.98261427219425
87.65771593257296,494.83758698696596,9.902496739890228,61.689915790331725,21675.474606413845,15,0,50.29508083024366
151.66498214270206,580.3245104473249,2.240563864434602,55.392735248263925,30748.320561700555,3,4,76.3092635037563
21.60918038446344,354.0287126456789,15.09416574675937,55.06270992595965,12953.46523748212,7,3,33.19007762833169
81.16486345217905,488.27951631785277,23.80738181908061,89.57337588275016,20612.505093156502,7,1,40.7498662404965
174.66736245375637,627.9865624298288,7.667583302446907,74.45318396264844,7759.34994913742,10,4,64.59624440675071
159.42935007523786,483.881883438008,6.168808098118748,55.7825283531292,32307.520084808973,13,0,75.85384771006014
235.9973084593578,302.5111262949781,4.726369640577329,54.50402812800639,9600.158793274826,8,6,70.99705943144774
156.4786961247697,504.0189403943679,14.215623637801235,21.90649529395737,7275.592043212961,12,7,63.86294482923046
125.05129219810121,509.98668071300307,15.121792185926013,87.86066695902608,10561.619152741867,9,0,39.71770775381981
187.5151639004817,694.77565600424,19.429958417748853,42.980525967247736,29799.407639135406,6,4,73.10957567281974
218.73213183209168,317.3838857866683,18.567612019651214,38.42761389541355,7386.064885909849,2,5,59.99404963896666
178.55310827803734,352.0523312090439,21.63591288549192,91.95744262791234,23661.67983482131,3,0,44.48826660965556
231.90646918086352,599.7586951597178,19.72699936353063,71.74565634832575,27877.80161968402,6,3,70.38744557853519
192.041137562399,403.68788143535437,7.439875827747778,23.410191677548735,28034.597135451877,0,2,77.84302347262867
210.69631641762382,551.4067795940691,14.229302907266744,24.455754345841505,10081.948371460196,5,0,73.26974382818989
45.10289566040018,374.21405725029894,8.54306310005876,21.836112605134247,5971.967948083584,7,7,45.88586482464605
181.1309706586333,217.9168907601283,9.255278350133054,63.17256076492657,18361.804280710963,7,4,59.15726757714529
116.81951389602109,556.930459379847,22.50277612305992,25.15264400446053,10479.531047825476,13,6,54.53240768645162
141.68283653048053,163.93930827821436,17.00170991147562,87.20396169283501,26376.665888446016,15,5,46.59105090588271
163.90253008611847,207.09354466003717,23.44098909152433,87.45727088163281,15414.169588973473,11,7,47.54998107178385
233.35932567522528,481.16798898189353,11.17207580781238,59.31589280586174,18379.326113060226,1,8,72.63081035455554
236.60717791495742,558.2526721229247,13.823626613787484,64.39800306050846,7631.517859254778,6,5,72.1296950390006
83.41021400733916,652.6002475954016,12.716539238161278,41.016396909817985,22161.609169542135,11,3,59.61214437049257
181.42576943634157,254.45535834617067,4.360315265521992,24.60602305339568,9936.774068221035,9,3,68.14256169647963
184.9963783457591,150.86352550435478,7.2074438795852735,73.09715205381072,25727.541149277986,7,7,63.220391937161125
96.22842948887073,691.8698620944826,13.607999933298608,27.328591189929256,6277.402321532598,6,3,59.77663278038457
47.25135047012863,178.83077633417116,3.4822347129261373,26.160150153324306,35228.62695300235,6,4,58.39520915335574
29.00833126285835,206.5068686429693,22.492162444795564,42.40806386270411,25904.863314745973,9,1,35.22329576487743
191.0154880564193,266.45085027741806,4.724561002754157,20.897527508327506,9815.346169981638,2,8,71.9718884702424
127.73394319971929,418.81046657682396,6.355576421171956,51.25056433445475,4451.028654779386,8,5,55.79325888864342
236.81883728888377,645.0083622618099,18.837066926650003,70.95302552576553,14702.812550567,3,2,64.8129946099719
122.29416036260368,566.7494545471149,4.132559919364901,77.6971230623796,8890.024449670636,10,5,61.387128586758934
235.14173539624485,533.2208344592865,21.806118191539007,63.510125873522334,10989.16265982547,13,3,64.21455354220046
110.54672048269317,192.11556342784235,17.965421355895785,80.9749426242017,31928.008270012462,8,1,41.27268924123267
194.61007312319398,308.9168841766235,3.509658856394896,49.268158671231944,23302.549121627184,6,7,73.04391399208787
38.66023990860305,386.1791526954739,17.22063534828436,81.11159012435431,9646.644896924783,15,7,27.981905024632603
142.20157623030806,174.35261023077493,15.895827927768991,56.46607835588331,21813.10082199836,10,7,49.74602338139703
196.45315313685933,254.9950093610704,18.66168752027821,36.05860121587726,12184.980909599784,6,3,58.47919275868748
223.4343667883755,277.3332505298203,20.22035275476539,87.97848655955355,35238.42765945885,0,2,59.910679989471504
200.96827993583497,161.4567669305851,17.803712389809412,39.79790291627239,5048.231368438248,0,0,50.328801420113756
28.13355998425833,432.1534028212849,14.895878495961382,21.886506861521106,27434.18950937008,3,6,47.147313812551864
101.99451508748152,531.2180457754835,9.09419300879911,37.47253109276194,28735.904838125673,3,2,57.776942550861776
30.71366390904728,124.75624414519118,17.34002056025844,46.4015044105348,6149.208446646408,11,8,29.406566986124833
44.04210404520276,387.91878512841583,23.05337486187715,45.297177196827015,9499.819655403251,8,7,38.72670170041119
168.5672383068465,580.6151649713888,14.925479171635233,57.77606067993716,16297.813091326641,15,1,66.44859396867892
176.9168031885736,558.713682529566,16.615587105553587,83.58513550658648,31780.95444893017,8,8,62.369420669147985
190.2185502053578,601.6467815800027,11.616816928395616,41.04835235189834,21183.99802939198,14,1,74.60819199318186
210.40044057224583,366.87400522918847,18.634657814347637,57.49548377306016,24969.819200233294,8,4,63.37005909792389
182.67492306483217,605.1565328895108,23.94868263144999,44.49000466557051,29056.410734618963,5,4,68.47845230314466
196.19175026345906,234.08196557713245,5.528565129490194,79.16766027487043,30499.92922680064,11,8,67.0791024269978
30.772016161121435,310.9187593072098,6.452916149082771,31.347308956770444,19241.105378677792,7,5,46.96314028430416
71.5977330970857,192.86756890739284,13.867630690616569,27.452739318324213,20281.380440751404,4,7,46.68571033837596
156.81751014255406,379.19010523428597,12.59025873975648,56.21565823310733,26976.18742680894,7,5,62.56538239350221
208.7875670174611,330.91841434588366,14.574535259147813,68.37590617511542,12426.955479540045,10,7,59.27637318243242
20.99002748672501,234.1933545051598,3.079629049934007,77.27781447853519,31343.671563696782,6,7,40.12100898218151
133.21845526559696,561.1396539077002,10.894082039269877,62.452989409182784,4665.17838322693,11,7,59.68061363828035
169.00322786016739,280.8619341514538,14.825521765442337,75.71718281496806,10264.69127071119,15,3,57.88953095276987
26.513603608294908,254.59477129333487,14.874209728709179,48.275124216386516,29606.398177168103,6,3,33.52777254410468
108.29822266174534,163.76981174431683,16.461347158904218,22.366472259185766,14888.262780565512,4,8,45.273480627747034
217.03967390441332,360.8458891532472,17.8447526380586,28.35915016891207,8794.65064615379,6,6,63.819972082137184
167.75481794828892,273.8973624558733,16.114038473498844,22.788027288487726,9976.152182764907,13,8,59.210792437892046
72.2848399393314,316.3346184582199,19.38534941856757,43.68394283430747,20984.204861954226,2,5,43.20818543090432
207.61184851902078,231.0382480771537,15.744733963061016,55.675376571345126,31077.80893903961,15,8,66.75550823773516
96.56691315009314,568.4195134847363,13.825168575818498,45.654858823299634,6260.822904675539,6,6,51.38168718298531
207.73582765169309,675.2021423070191,15.33632143553184,60.36316220478024,4975.389091988781,13,6,67.48101953148212
85.76760324615921,398.6763857848881,4.226254068573311,54.60385869148071,18885.38034677898,12,1,51.36215876144056
149.8704551942928,491.51899093813284,8.00944389596144,68.8118817342037,34597.99728171631,12,5,64.71645623909268
107.3268149045235,634.9902570282918,13.602795174478887,68.02127577656525,12928.313709252045,14,6,51.94373526454777
80.46151116611475,719.2509678935415,21.205718738837557,42.90061859182492,34693.45725014554,2,6,49.06419425115881
215.04266367781122,472.65055022709254,16.939134238335846,44.92744078599859,32405.797650880042,9,8,70.14833142677674
61.27061002668809,649.4588585855159,3.988977726381747,62.13064315817384,13060.322444400355,1,2,46.75961502842255
38.65855007186788,661.5092777956108,15.030048909776896,62.94313768814061,30142.338056196695,4,2,46.13950302631457
95.22392648004528,586.5289521968782,6.878235728016177,42.658393781873585,25947.7536822022,0,8,63.786993856002766
177.88061248114485,374.99609028679055,18.148364315351905,43.782887775830616,20378.31644495223,10,8,62.71097136020704
197.63495331478197,131.93856027129556,20.203698755192438,69.97124094940258,17533.316577371992,9,1,43.6489660285531
239.72354141468827,90.11555548168566,15.056037996979414,66.61357924707701,30096.088189614617,11,3,57.34601327905551
85.19965254245628,385.40840530107175,15.009977414537614,29.72365793694378,29378.541846240678,2,8,56.25700323271818
109.74722924888208,396.3613014621553,9.449011750637908,51.755015336628325,28221.962750161892,5,1,47.119725003335056
50.10068116651779,340.7119282323023,11.817500465548807,84.2748376671625,35944.19043888947,10,7,43.528962201279455
146.47182451706738,443.6271048264733,21.0103837839376,22.614008679522215,19312.398750124285,13,1,53.79471199813619
239.4676081978418,433.38413011483334,17.913047281277443,81.57180414686339,29821.535290237305,14,1,66.06136569738995
174.19382222654488,615.4323462609235,13.434580513308548,31.748827308618342,31599.307743471312,1,7,72.5119630506805
150.9468248909418,149.54054608784793,10.101112497464161,56.521901537243544,10771.282606517885,6,5,54.53693040248043
106.32120044279468,224.11370630754908,3.108354242348196,50.55222288245683,5346.126145697952,0,4,57.78285055896618
221.36572726282205,587.5231865341634,5.146162829180472,20.729312288585035,16951.948870034546,13,7,79.53510263566085
129.3216511486769,622.6155950231389,6.246554169866155,85.9085794704535,31415.57390197683,1,2,61.347056014009816
49.56072092887353,716.6874967173554,10.214437951690844,52.75461636807,13251.304998224328,13,4,43.73714440193753
100.38326190380937,638.6636904877339,22.771160235678042,88.70731592676428,26400.32493015757,2,5,45.99495298220901
34.776667146508714,649.5353645262919,13.11337468689247,40.64556087050369,4235.140450056406,0,6,42.0210379420547
64.43538829153195,281.1826832831391,7.166483591703083,82.37185568595001,15371.661834247607,14,2,39.76339050289316
23.887131819980684,337.0634457660009,4.326503024153309,86.4120493276854,23696.534232260838,7,5,35.747278426280936
119.72158163003596,251.57446708515266,9.44272154126521,60.091933978696204,8152.23008231478,6,4,49.4855151065902
159.59885828939537,468.031614843338,19.946073982123252,34.59280072647566,32691.421188717886,10,4,60.24459805368293
95.52434172335971,680.8354266925046,10.433541455031174,69.33781511161185,9000.767267746536,4,7,54.77658433611647
112.48398973116096,300.5701673674354,18.995127732493096,59.52642079012113,33113.39344012783,11,3,47.154099141491486
231.0260400258067,436.48114040412815,19.659509474791335,88.00613594138906,10924.45787785519,6,6,52.17246610327135
185.4318867464814,269.63176349023047,4.438056933371491,51.62758845035541,35816.91756530691,4,8,76.56582310535394
138.98846012788925,188.67198321453282,15.390514557789242,39.332982630067185,23351.958825458907,6,6,54.21144057213437
82.59899252460156,204.9187390839396,23.10011339416444,29.956664107575712,6699.036622025961,0,8,44.34138071723767
217.33929573005895,117.08502050440316,10.847037647878185,70.30161694544091,6088.871503317116,4,5,59.51979716207736
71.72136571374509,687.5478547259247,3.1207699580664903,90.13589256660192,6397.494280303001,9,2,44.26519202659798
91.57540071366896,337.84294944488295,22.31265918567333,22.04075148114069,22876.56791331046,2,8,49.8620285573771
219.99425917304868,613.8373708813492,21.440658194594626,73.31206554402513,29906.534474476328,1,5,67.53890623105801
136.49925216271592,516.0508625214023,13.48711183859804,86.738986104296,16894.807736656185,10,2,54.473648959962034
183.30994887195487,202.82954330309465,14.149568647568213,25.384270464369152,18234.744297019577,6,2,62.82504959742792
149.96385471602855,192.2958378106162,6.658304261074748,27.932243247641587,22857.206517268096,2,2,62.09361933907009
163.75662598208893,599.6724489667487,20.027916621982023,69.82091108837902,21057.299353163384,11,7,56.94033715612474
85.86432413326162,249.4154947965039,12.969200844626782,66.65336306449676,26017.975459240646,12,0,42.35844029960701
73.10185355786584,664.5025175692645,2.745311493136243,24.95557390276969,19097.14304521685,0,6,67.95285783989931
90.94831637710635,169.635459001274,17.02632904187795,80.07843815488326,26843.54192205016,3,4,36.21037498223293
54.19714409835294,513.7335132508605,22.910917935659533,57.68651704483225,35913.94376149229,5,0,39.09400764036511
212.34916036397763,601.2632806597977,20.241310787606505,85.31821088023611,15209.530951960478,11,5,58.719379936281676
82.31432531502509,230.56408858601282,8.098359084631875,83.21534343147471,4390.894813291226,1,6,34.54945756925875
143.5276667711646,256.77271261220227,3.1731518685334943,78.50055937161193,8020.001457652952,12,6,49.27413121108026
194.2343735311023,697.292087129089,22.687731075839974,57.14472052959833,21712.453919582524,5,4,62.89894913668586
192.441304062657,249.3424674215413,22.615379947353432,38.12316620595912,15016.249188628866,2,3,59.9955767718209
116.44497688852243,355.17251193603056,13.713137033683125,56.430236281601545,34079.44299855976,13,1,53.42152207041101
124.77660788907964,356.8099796751143,16.130983056773772,27.258419201728167,24078.274883436254,1,0,55.27235267195707
238.83438476570547,241.9422399549975,12.177201335637783,67.43692269008667,20651.365950894975,2,3,54.85948174987766
168.4114449353853,576.5062953197379,11.234838076172691,29.64635978448855,29537.2640407046,15,5,76.59127166510446
199.2204574859342,573.9835796666594,4.627865590431408,56.80445330005206,12274.875873571045,8,0,70.44821242776649
218.56187322823104,322.12352910322284,4.128563763944112,23.91550214001088,30231.63328903551,7,8,82.45196793590657
193.26976397045462,614.4805062916696,7.120107226876124,41.5648992997745,4097.9553556509745,10,5,73.10668788077916
60.73945588978487,216.36795801536152,20.406096420943975,36.70979316822472,23829.675588342965,10,2,37.11168928932632
143.67756142226588,82.75569642731433,5.20831061618496,64.64227107524027,33912.22883346493,9,8,51.9531502243126
42.41671460919987,445.54711171567425,6.987370342123636,76.64864326562062,29211.518465083842,0,1,43.78229423528143
163.64286784407966,716.2097743695223,14.069509305088566,24.125812726917882,31316.2941487155,8,8,76.08044917177494
230.1768742013184,104.73235828920615,6.732886797722037,81.22042533118767,16702.55024548802,4,2,57.720961126706015
132.80105414602448,213.11876717341477,5.590547063791316,81.97527403673152,30375.64627520404,12,3,52.09468095819717
115.25394843090878,412.10537119173387,14.392957317355169,44.64337334873764,21626.61328096853,8,3,49.68439895490002
27.8854053119959,598.3620713247172,10.09805196192554,67.44829274986319,23793.287568102365,1,8,45.22689957979056
231.15039491242848,136.98688324803408,15.775504288490323,48.988138282648364,5885.290858745712,14,2,62.61763468863101
42.66059050863493,332.9501784056924,22.068517488990878,31.101743517653468,10449.654309580548,4,8,37.06886613487491
29.037400527066325,558.1285124031273,5.321848891571488,58.063694136543944,21630.861296433683,4,3,42.62826750294009
74.13465453108645,317.7876533800714,22.095540515887407,26.21789656411496,5881.633850351925,14,2,41.13032683570753
34.41669546204413,200.85530910440895,21.85477928330421,83.24999518851112,27726.297810806824,12,5,26.950639705709165
120.12592533058772,205.1173295338159,20.239926833389863,86.54886267749181,30881.82427270085,13,6,43.61932215300785
133.53931627656473,342.4312236255963,15.888290180733874,79.15614586482106,33451.59556143376,10,3,52.49885289675283
88.76538878628847,386.8269278757703,15.643226464242044,60.50202469443046,7256.590693753789,14,1,32.23969690449222
31.211306166474934,631.561227402249,16.062678518603036,60.147098561032756,34071.04793672961,1,3,44.12667817239968
44.552081014829874,491.0415478835159,17.19090212679189,90.89173111526695,6163.84024413744,9,4,26.190257653388567
104.59096315778417,521.8572508899209,2.3626084131154546,37.84892166784517,19169.798909690093,4,0,57.31915952394364
33.31625918183795,709.1117897829805,23.078036741534294,25.468282345174938,30888.032660089975,6,0,45.87227445095402
173.60173963418094,343.5798017926232,14.883282752242756,60.4597464992848,6249.956434062571,3,8,55.350719105284035
65.54451913545864,338.14681807944214,19.192248466853275,43.67256304232744,4583.3943356474765,3,0,27.70594309119689
86.45574513240047,670.9420593445199,10.30020045934999,43.20839164217919,4798.326998612822,7,3,54.47281396776114
106.70767097918144,237.36037568323752,2.272738706147511,20.51014550023626,20360.647661953073,14,6,65.13734877308848
111.65411927521254,547.0817576338346,13.214162517281768,62.929237487451175,29971.095827093217,10,2,56.131533349638595
20.365355688456116,562.9268084596061,13.158182624950436,39.01042656384421,8077.653474323189,5,4,37.37065383536426
44.655481619713456,142.58431836508356,11.613764342851939,33.52581546987303,7987.5281305453,6,0,31.257741588269983
209.80820402299318,379.66809964389375,9.47377519156569,22.911099060296266,22193.49936159333,8,7,80.27260996842465
20.27127375261979,208.35998164579456,7.496173931813885,46.23403350624402,11497.459225981558,3,5,31.368576477811466
131.79681827883252,198.6401745935908,13.605987238938022,83.28575881182493,27366.839524635965,8,7,50.1805172902937
127.69044143158578,376.84999069624075,10.25611907325687,44.240298147010805,34388.332421656,11,7,62.03744235443478
93.28071542234032,265.23501280516155,23.338501427095792,68.89334312861075,28513.069011213218,3,3,38.431663401
114.89194443221892,589.4786864805574,5.804400770872491,74.47138136493733,32069.611724125327,9,0,55.11735442484269
191.72785025584855,660.8671304899087,9.032642487795913,43.62325826169437,20626.75384229345,11,3,75.68919343563995
205.0648153672904,593.741187384554,8.467130360340562,79.15813292086696,30634.217734961065,8,1,73.01803944483186
77.27667955135502,250.25975847786577,13.952801877191053,69.81533549602034,9852.901887573837,4,4,31.458051754014456
90.94789701290057,255.44601196070937,12.984165653431255,60.26544046646851,6187.132492660076,8,1,39.496180428305166
73.3462276662332,243.02614407517916,16.16229023933401,20.071457411645284,24990.49952398995,12,8,49.24923431030126
125.56994812123433,166.42438147599108,22.900038952632574,22.526535146442185,5662.48012025779,3,5,43.19748428126954
170.31683868493886,684.0309555863752,8.274863880865082,91.34234077563656,32559.405412469776,9,2,68.49308464217565
70.21563260195252,337.3105908205244,17.24097452360992,76.32444249225628,26129.732707437393,10,8,32.73368104686004
92.76186325207067,223.8012637093592,2.5508844661140397,87.50469863165219,34470.42321308519,5,6,51.47070609648239
224.6846158696131,621.8694723252759,7.77254640013974,84.96583075409798,14044.37300202354,6,3,73.83441844260521
30.685243766330778,335.4849937009859,12.20183401592504,21.47189478627806,19557.065894451865,14,1,48.43184078948185
121.36931315270456,102.47475911018661,2.6818853465849584,77.01300486495731,27734.091681443806,5,3,52.191458817507865
176.5427691512911,183.64260495976396,15.588728132180057,52.48249356880313,11768.927534746257,9,5,52.95529382683363
53.099882542644295,489.1202178279488,16.92283338483758,76.84819068804721,21339.16224357334,2,6,35.819752841666634
30.422284401206007,581.0593754699033,18.428097726437027,20.48353645976373,25102.9528001753,14,2,47.0518077770642
50.405181760476765,214.99800863277628,13.364639106546269,40.75034968644063,35321.876942305316,9,6,46.322660294170134
222.14110257675023,667.133177130331,15.286782629529785,74.09531185697375,27830.505415756314,12,2,69.43971734471364
22.03715200064715,624.6381568333852,10.71343552812672,77.09749677931447,7780.187208930368,9,2,37.520786690541065
61.4308344584974,622.9636825990918,2.907566715144376,64.61945128745293,19210.67044426593,5,4,59.7728494504093
26.882372838361803,225.70313395149702,4.198940827039287,41.69044564013099,22840.665055666308,5,1,41.826726941643294
44.33848286368472,112.34303273603693,16.40991033243221,42.34610657272613,8691.940571659288,11,3,27.435694550806744
156.4328430582252,635.1510652688536,23.90221659088708,89.60700538222635,17822.91382339451,13,3,48.43471471031405
73.16055992259888,275.7121463926831,2.3476712615925157,51.62327690486273,13088.186122746336,2,2,48.97438354479241
145.2266510947489,476.1064839510566,14.266836930180421,52.193039617556266,7802.481352384831,13,6,55.23271069891076
149.84298420854776,566.3788055684672,18.522192563416272,59.767958017330365,20385.341870830543,13,2,59.355126508979346
206.8757732797514,162.10768544711692,20.189046216305332,49.48416825423599,9300.258592395054,1,6,52.20582410235382
21.043106440612263,579.7365468921907,13.994507826898083,59.79235265101382,22897.197074743148,1,6,42.725745933111526
207.74128105532068,680.6473337350822,15.638151564050313,51.12815043926417,9430.301831739693,11,5,68.55676231434077
156.20619901393428,546.1599780777018,17.327948796040175,79.52347421135744,27155.037555290273,13,2,54.44898864509294
55.80356694309067,362.3825590275572,20.897257493255474,85.45167342547644,10247.731936949454,6,7,27.277204259353322
190.04622538976247,641.0740088010898,4.690369818462011,87.11193870670604,32681.123224836785,10,2,69.44824780481494
208.20813919392887,417.57288324643775,22.376008318046996,60.62932681971583,4838.699409561883,15,2,62.670206764028514
75.93796642591461,556.6533938027226,2.5723828781345404,51.834696137443665,20703.91638546355,5,7,58.83013092203624
222.1346097985898,605.1238040695066,20.396394521071056,70.77728423301232,14243.3525083695,3,3,63.70463944831015
119.98063466570471,559.5858314873637,3.6882893843133395,80.35929857330527,11202.448824786905,15,6,55.19676642796176
152.75337995333072,264.2271206708185,6.28182065530829,60.53472142877916,19091.288933284737,4,0,52.5546020984565
236.6228973958816,155.42009657973188,2.0856712203849175,70.39863357120282,30944.625162376346,7,5,71.84513456942979
99.53793730062385,232.53665879171848,11.795647521792896,73.98051325192986,33288.87057685276,7,7,50.683339093461754
198.89505608042484,401.83995966742606,9.35590298778263,68.70035192364465,13703.955780731065,8,6,62.94195098408481
90.04780592226112,403.37723026758135,5.651844052714601,73.72161601251028,8935.79590704228,4,5,44.16251047635764
195.826974893128,452.89238356130403,11.923983537685938,35.022463944031884,27044.49432212183,10,7,74.5352998842336
152.16146214978136,332.86517603065016,10.852159429788044,55.88296738556942,22623.959214591625,11,2,59.99726328200968
67.59825294958831,583.6104841280178,18.888542719372314,62.35533593156628,10432.516757681917,3,3,43.09997487278891
111.085740633632,664.418400222213,21.648866733540714,20.178411021705664,28329.46521879797,7,0,60.19050133944299
89.87983955998357,237.9040342268616,16.356479538875803,81.62930063458509,20605.773927748516,0,6,38.203179499887455
37.18384647768005,551.3748593292083,4.737028551983525,63.92176460803367,24908.646384237043,3,6,51.613970663376904
26.563649421933448,513.9019856288286,8.498597483616713,29.297815882270633,15498.849086828439,15,6,45.47155693058864
96.2253041895798,414.7779195387616,22.093002530310155,78.77770922545955,18051.12196167603,8,6,37.102670202685275
24.187512519847047,200.65934967946254,3.9521588461735613,71.62810158371921,9770.947147998151,9,1,29.06509038910418
56.407306667990504,588.948645492934,10.950828466598182,74.59756712938187,28208.50776465091,14,5,44.4699918840634
179.54033058719114,694.8008228024529,22.73510162313659,48.22705725405365,9024.36237285734,11,6,63.92728764963713
175.78007185038933,541.9752526295126,22.914626512328685,81.50258048203943,28905.68303203396,12,1,57.61214025665851
182.48768502062418,667.4303978404698,11.046469895075633,49.809985913530085,29536.25135630675,11,4,75.22258897665606
89.77369764859533,709.8785695667199,16.68273153817354,61.07665901208258,27891.23084976389,7,8,46.04039375687365
215.804280565893,305.3124315131124,12.048403163787977,20.046245866390908,4621.5292178796935,10,3,74.95533520413214
150.64272056625848,488.4630738728556,18.576131867599518,66.43086425680607,12740.262803413554,4,6,49.29603838837004
47.725795184257834,383.31695208836993,2.6947892752459675,71.70865703321144,18986.80776933804,14,4,51.74507571662908
51.61810552021751,711.4423979924672,5.171457276269885,60.83187431519305,23057.420118937465,2,5,48.942123854176316
172.48099392453432,140.03700736494395,15.512373677959182,55.752234827140356,33415.10717980961,14,5,55.62527675604169
58.04766601725717,343.9199451502237,7.116149773747399,78.315426107243,16019.391108118472,14,5,35.03202172897304
131.60439434804954,640.3449884974311,16.653150583921267,69.05883563589741,32000.74620076653,2,7,60.31394993263955
238.19038470431636,261.7928387369699,9.726904404148563,40.021330859841655,9229.73722037877,11,8,65.51648090172854
20.88167304133469,584.1874244088785,21.506202278812072,89.05328034175898,15880.975600276062,15,2,25.995599568524607
23.647556417462525,324.98122417936366,20.023706482319703,70.92323798206453,5673.024346282336,9,8,19.956960191911687
238.47860802471143,707.1862655297012,12.842431601513209,91.13160288169458,27759.65731377991,5,5,72.37659417566601
148.6205435095164,645.4590953111729,19.003691916086872,89.93081477135853,8820.888237853214,14,5,51.09209822438913
47.920194614072884,272.84502890407384,7.965033497171989,86.16150004232647,12224.64050075065,8,2,37.8736948950206
217.4064839459006,572.9235926642273,12.873715089860978,74.38675096822215,28807.464070182876,1,3,67.48002146099569
213.6836660280923,295.58818805329196,6.34460514099212,63.87891453178165,21110.93495752672,3,5,69.41269423893104
137.96409088450255,468.0722177379425,20.939495707461866,32.39628778517054,4447.127021390802,10,3,48.389861447274534
156.79424656936644,501.42769177170686,20.107487564505128,59.12130205451055,4071.5265519167083,7,2,48.06189073634111
80.1011821301928,610.9410618148512,21.847292704998026,75.10710961239157,20341.140215676707,3,7,41.74723312281271
31.114333201841134,95.64853816448952,21.304493586933706,57.501715426800885,13758.576439974235,12,3,26.10045988098718
150.80487395599016,220.9010503374718,23.111117765308887,82.51321724520736,9769.966271845668,1,5,41.84766105797093
84.84614250460785,535.6273987766904,7.0233970959023715,27.895224741802274,23635.006006915548,3,0,60.8749867343282
165.99663026527742,440.6548716605039,22.50013439749694,47.427705059501655,11309.967094957667,7,0,50.04012563779069
203.97393890537228,397.1872500487316,14.566690209743948,56.42943813874332,22950.628789918333,0,7,68.7957101329444
23.995319661160092,115.33437229310749,11.294891846199347,51.12742130257578,16136.510418760732,6,1,29.87656161609817
151.05703043086004,302.89656541533196,14.328225711293207,27.818231443151824,9975.878965433272,14,7,56.891128691488355
70.8817187311075,633.664148422815,9.537251846306113,31.0540371712134,8419.351611799957,15,8,53.21616783690703
212.2554695388363,99.7714157030606,8.348166153140946,80.30844508559508,11579.539300073218,13,4,55.83217977578765
75.80619144360227,333.71919063347974,7.308915435505633,54.87566666250447,4954.627456415523,5,7,49.77847876934945
154.36942931179203,684.8949041092944,3.8134157680567897,23.50801472619639,13860.06278516059,1,3,74.36075014618326
141.77898481971454,112.56367010880936,12.924427737238123,21.187370646390793,32862.55008581741,13,8,61.68891317300338
107.15663001303476,559.8116806685675,21.530756865705523,54.09022894359151,30603.588028256905,5,2,50.46570879609655
169.0765679919547,244.87207435650333,15.863343324036462,31.835268266559947,15904.120215029085,11,3,65.74874011202648
179.66931963739546,634.6296525783504,13.461463920627018,70.76906811194397,22426.675794617724,1,3,66.75402936876999
144.7263149702651,557.4835065339937,11.429044201520163,77.2632893019981,22155.53788844987,10,7,56.78102607856338
186.8528921806459,646.8513093493523,12.216835778978222,36.4373630089116,30519.601254198795,9,0,74.23387784682706
236.35175671844627,218.19186587601024,6.6041016465829205,62.636740031488216,11561.283248542899,14,7,65.60011527856146
112.23992533817713,420.0273630839072,20.10458929824814,31.120014330947793,13484.399641376396,1,0,46.20844153919128
133.2082714148168,578.7327638878725,6.364425192193617,41.857950914795865,13657.133879859568,6,2,61.43656722063198
22.74337314706691,237.24783551678783,17.765700648000887,83.9932755810632,5307.839672693579,15,5,21.828686265412752
195.12628238828324,227.67763537101885,18.719670252915357,59.175062586726376,14070.01162525415,6,1,55.965846769710076
134.45061475011863,97.39656543845442,14.647118924610155,83.78398605038241,32093.240850816223,10,4,42.22184129478834
109.75151467932434,693.4497881442895,20.984380249006225,36.2178419009245,33183.60472228739,2,8,57.041189136142215
40.695831879667075,534.410803234959,8.4031077539143,43.76175271390395,7508.331064593613,11,7,44.74715604516754
215.7244127685874,486.7586265665183,21.39557886734299,53.90855396889083,18657.873331789804,4,0,60.37697243169808
106.90159280892242,556.1566225247941,18.047030111184693,54.56576541400709,16203.164850804453,9,5,56.095704449288604
170.16795160602848,420.2322679650812,19.572496210758736,91.83065363722643,19659.494291948413,14,5,52.70478581604155
52.86231440099317,384.7256454978626,16.62075360960091,28.240062965921368,21751.02476987767,10,0,46.14410258593114
231.54091849902716,367.70063431905334,20.619546373779325,81.34148256331454,4648.280320567874,7,5,52.75977605816248
59.2571876008028,489.8810957463304,23.84817497978799,82.18510683837465,30951.751933477146,3,4,36.39832246099692
63.89923843788788,208.98238425112524,11.24358279954205,59.83030147072069,35157.25034154683,5,6,40.53522484145689
208.97622932269704,648.3575648095166,19.906145041610547,44.77067611465907,24908.953984116553,13,2,73.78887263853389
220.76820371122486,599.5215175803297,18.38075470939674,57.384279508757324,25134.471631787816,3,2,69.7749528934646
66.67242965512631,303.72071132930165,11.963143645664395,41.05767474607259,20895.35545058267,10,6,50.600792621099195
123.35619539846213,450.3099499600156,22.392877994115263,77.53573628767565,14696.749174860215,7,6,43.50967680260273
181.36887900382257,170.25747196800936,10.677370450597083,55.87609942714377,8767.290373744676,5,1,52.80301839063889
213.24046143837637,702.3015986775027,14.440250158077227,86.66063687917644,22690.02696627362,11,1,66.67612747996978
103.39159290820714,657.8513200833814,4.330731853801154,64.83377679363515,5438.124912294626,5,5,58.79731321141986
133.74428710687442,670.0144041594883,6.967054269457857,57.0309919842572,30384.082166139964,4,7,64.98339625812706
183.17761031434168,292.584350530209,20.495315751742734,71.19699348639097,17469.174383059697,8,1,51.76095717446745
180.849914863615,188.24621272502768,10.724159902234641,56.28317343897687,17272.135173183196,12,1,57.74261242591607
192.25122860573867,215.53418461843862,10.66984996713568,85.12445723020019,14469.467471228985,13,7,52.13581564972965
145.3854401011358,137.6008902688575,7.4115824001936454,33.28010918385257,35019.324438354764,10,6,58.26310389256861
43.01532129705055,156.87080326488598,12.815427354543996,90.0811052297052,9597.342488663002,10,8,25.41787360674061
218.8741239931688,125.63490187830105,19.727973149713694,78.47771973328582,8841.850287206758,12,7,54.05359635316739
210.4259586506262,713.486764291119,21.69361059102227,81.9728020542706,9297.008049440965,4,8,64.68911706687591
195.58143588003327,127.3969173562071,3.5425175049720456,54.76936393071712,25072.87945122445,4,1,65.89505338987628
41.969744975360484,164.8269318089047,14.64605608728254,80.27851155230701,35740.65019934715,7,2,36.893615858758295
64.96742075791443,609.4429411780714,12.28001409363136,42.08773401755877,11535.20545285615,10,2,48.97976496772112
183.59208032368343,451.3537387154836,15.514200710374723,74.86026885662062,32979.756706159606,10,0,63.169249944599784
25.090820808028216,575.6270109243727,11.840065111981922,30.11241140400963,12915.729894661517,2,7,45.036553511062
235.42941941560153,483.7836849744992,10.770186058775133,42.10773794930063,24732.797444009604,12,5,75.9591232500044
102.97182967824976,644.5920450105267,12.381375673448765,52.092751761900765,5295.966461867767,5,0,47.60297447273422
178.2487574119812,488.619217769434,14.80398083264111,43.20701970632638,19860.92718643805,14,1,59.430518948051926
215.26563946736954,414.1600594580166,13.021630642699089,47.86523232494122,24946.23892092742,11,1,74.20385832785135
106.8185753930181,536.1598040072317,12.387177922454216,79.04754162442626,21162.232871124113,15,3,49.103429170413555
90.20914749192653,366.33136114695003,19.992376819077776,38.480664234236066,11610.732316217316,10,4,41.45597141668545
153.92304835761428,301.4808466590302,18.40425580723287,73.6602443951292,30511.902344573296,8,2,47.39607929148451
147.81766222457117,379.297569568136,9.510326871986242,25.307268976038934,35044.36835962369,3,8,69.5277935776984
110.01079507745537,188.61702726307882,19.61269658533705,75.13321574108437,18694.27506214609,6,1,40.03777846956728
152.39044629089585,589.8059070737224,20.780314718099003,77.02567348374365,24349.416486056118,13,5,60.96258078230361
225.78390130462884,246.85042005500458,5.376828518232191,48.92231183617871,29293.22458705832,6,3,69.74957274775417
122.88085645785122,178.26018965571038,14.819014158076692,72.01840326805788,11727.649939897408,0,3,37.70754561126641
63.28327976513889,237.66543474126513,8.276863859182704,85.88996506964713,31662.412221721133,3,7,39.203798243737644
102.98531623426085,618.9248971342334,18.261791082387894,77.65133409592593,12966.428969919922,9,8,48.26734567539226
106.70353617048609,291.3288291825481,7.253277245891031,48.11214874858111,28826.585712487642,10,0,55.902461932422995
48.84391246576837,519.0719164837761,16.7708775318067,54.86337302816464,7587.1754376455065,15,4,36.81760588333646
55.83173012200208,628.1021636196731,7.612742433267946,76.11374322457799,13228.374509253432,14,1,45.90320462565486
170.60365614660898,129.75658683202695,13.24516279545875,41.0668104691369,21075.837886075766,8,3,56.06322786005841
94.6851059259586,569.6156193139475,22.87022229415623,77.8795573022389,20797.507062538083,8,5,48.61988906424971
230.07764620827768,276.90589848257923,10.38876584604156,43.621122264387765,31213.797903563718,12,3,76.03148664204491
73.59128397889364,218.6383130777873,21.26624669119057,78.03132193175875,35876.07224443543,0,2,34.275505578566026
41.76339112306091,520.8969295699022,23.71278078648568,26.24963192125208,7430.7470675245,9,2,31.73263106150789
185.77100386005674,662.2698385492696,21.24671867371359,23.19660537756249,12684.420250401185,7,2,66.71299169927933
213.8279314219314,268.81229357593304,5.649052653913543,91.83263221062721,15443.142727138425,12,2,67.53299068536529
81.18493851172732,444.0536354459642,20.032480829773586,82.60091287289761,19325.389049920163,12,3,41.313161396102714
64.45938236200516,265.4938328636746,2.7072866922123477,83.56502024956669,19805.11178094077,10,6,38.628149159423145
60.86854967163918,434.7427748649139,10.652641441384773,88.49215622767646,31398.242020749334,10,0,40.42240766848593
134.8427063006327,477.99169961877794,21.156134212993003,51.55877427784313,28657.897689123194,11,0,50.53574549542758
